url;name;author;difficulty;image;videoContentUrl;calories;totalTime;recipeYield;estimatedCost;ratingValue;reviewCount;ingredients;categoryTags
https://www.recetasderechupete.com/solomillitos-de-pollo-al-cava/34093/;Solomillitos de pollo al cava;Alfonso López;Fácil;https://www.recetasderechupete.com/wp-content/uploads/2020/12/Solomillos-de-pollo-al-cava-768x530.jpg;https://www.youtube.com/embed/30KG5ZVrb_E?feature=oembed;Calorías por 100g: 319kcal;45 min.;2 pers.;Precio: 4 €/persona;3.6;17;[<li>8 solomillos de pollo limpios</li>, <li>4 lonchas de jamón serrano</li>, <li>2 peras</li>, <li>Perejil fresco</li>, <li>250 ml. de cava</li>, <li>125 ml. de nata líquida</li>, <li>10 g. de piñones</li>, <li>2 chalotas</li>, <li>Sal</li>, <li>Aceite de oliva virgen extra</li>, <li>Pimienta negra recién molida (al gusto)</li>];['Recetas con pollo', 'Recetas de carne para navidad', 'Recetas de carnes y aves', 'Recetas de filetes', 'Recetas de pechuga de pollo', 'Recetas de solomillo']
https://www.recetasderechupete.com/solomillos-de-pollo-con-salsa-de-soja/15396/;Pollo con salsa de soja;Alfonso López;Fácil;https://www.recetasderechupete.com/wp-content/uploads/2016/01/solomillo_pollo_salsa_soja-768x527.jpg;https://www.youtube.com/embed/F7ZmQutEeFw?feature=oembed;Calorías por 100g: 290kcal;20 min.;4 pers.;Precio: 2 €/persona;4;23;[<li>600 g de solomillos de pollo (parte de la pechuga del pollo)</li>, <li>5 cucharadas de salsa de soja</li>, <li>1 cucharadita de azúcar (se puede sustituir por la misma cantidad de miel)</li>, <li>2 claras de huevo</li>, <li>Un poco de harina de maíz (almidón), panko japonés o pan rallado crujiente (si no encontráis el panko)</li>, <li>Aceite de girasol</li>, <li>Para la salsa aromatizada: 10 cucharadas de salsa de soja Kikkoman</li>, <li>La ralladura de una naranja</li>, <li>20 g de ajo</li>, <li>40 g de jengibre</li>, <li>80 g puerro</li>, <li>75 ml de vinagre de manzana</li>, <li>25 ml de aceite de sésamo</li>, <li>un poco de pimienta negra recién molida</li>, <li>Para decorar el plato: Unas hojas de cilantro fresco y germinados de cebolla</li>];['Recetas con pollo', 'Recetas de carnes y aves', 'Recetas de filetes', 'Recetas de pechuga de pollo', 'Recetas de solomillo']
https://www.recetasderechupete.com/pollo-al-chilindron/13127/;Pollo al chilindrón;Alfonso López;Fácil;https://www.recetasderechupete.com/wp-content/uploads/2015/05/pollo_chilindron.jpg;https://www.youtube.com/embed/exllD_3p9KQ?feature=oembed;Calorías por 100g: 276kcal;60 min.;4 pers.;Precio: 2 €/persona;3.5;342;[<li>1 pollo troceado</li>, <li>1 pimiento rojo grande</li>, <li>1 pimiento verde grande</li>, <li>1 cebolla grande</li>, <li>4 dientes de ajo</li>, <li>4 tomates maduros</li>, <li>250 ml de vino blanco</li>, <li>100 g. de jamón serrano</li>, <li>Aceite de oliva virgen suave</li>, <li>Sal (al gusto)</li>];['Recetas con pollo', 'Recetas de carnes y aves', 'Recetas de guisos de carne', 'Recetas de muslos de pollo']
https://www.recetasderechupete.com/arepas-rellenas-de-aguacate-pollo-y-ajonesa/25905/;Arepas rellenas de aguacate, pollo y mayonesa;Alfonso López;Fácil;https://www.recetasderechupete.com/wp-content/uploads/2019/09/Arepas-con-aguacate-y-mayonesa-768x530.jpg;;Calorías por 100g: 305kcal;40 min.;4 pers.;Precio: 2.2 €/persona;4.2;18;[<li>Para las arepas: 300 g. de agua</li>, <li>200 g. de harina de maíz precocida PAN</li>, <li>5 g. de sal</li>, <li>Para el relleno de las arepas: 400 g. pechuga de pollo</li>, <li>1 aguacate maduro</li>, <li>1 cebolla</li>, <li>2 dientes de ajo</li>, <li>3 cdas. de mayonesa casera</li>, <li>Una pizca de sal (6 g. aprox.)</li>];['Recetas con pollo', 'Recetas de carnes y aves', 'Recetas de pan, masas y rebozados', 'Recetas de tapas y aperitivos']
https://www.recetasderechupete.com/escudella-o-cocido-catalan/15082/;Escudella o cocido catalán;Alfonso López;Dificultad media;https://www.recetasderechupete.com/wp-content/uploads/2015/12/escudella_catalana-768x527.jpg;;Calorías por 100g: 270kcal;240 min.;8 pers.;Precio: 2.2 €/persona;3.8;85;[<li>1 puerro</li>, <li>2 zanahorias</li>, <li>1 nabo</li>, <li>2 ramas de apio</li>, <li>2 patatas grandes</li>, <li>1 chirivía</li>, <li>1 cebolla</li>, <li>150 g. de garbanzos</li>, <li>1 trozo de col</li>, <li>1 butifarra negra y otra blanca</li>, <li>1 hueso de pata de ternera</li>, <li>1 hueso de morcillo de ternera</li>, <li>1 hueso de espalda de ternera</li>, <li>1 trozo de jamón</li>, <li>1 uña y codillo de cerdo</li>, <li>1 trozo de espinazo de cerdo</li>, <li>1 carcasa y espinazo de pollo</li>, <li>1 zanco de pollo</li>, <li>Pasta gallets o tiburones</li>, <li>Para las pilotas: 200 g. carne cerdo </li>, <li>200 g. de carne de ternera picada</li>, <li>Perejil fresco</li>, <li>1 diente de ajo</li>, <li>1 huevo M</li>, <li>1 cda. harina de trigo</li>, <li>2 cdas. de pan rallado</li>, <li>Sal (al gusto)</li>];['Recetas con cerdo', 'Recetas con garbanzos', 'Recetas con pollo', 'Recetas con ternera', 'Recetas de carne para navidad', 'Recetas de carnes y aves', 'Recetas de cocidos y potajes', 'Recetas de guisos de carne', 'Recetas de legumbres y guisos', 'Recetas de macarrones', 'Recetas de pasta', 'Recetas de sopas con pasta', 'Recetas para ocasiones especiales']
https://www.recetasderechupete.com/arroz-con-pollo-y-setas/32380/;Arroz con pollo y setas en cazuela. Receta para disfrutar del Otoño;Alfonso López;Dificultad media;https://www.recetasderechupete.com/wp-content/uploads/2020/09/Arroz-pollo-y-setas-768x530.jpg;;Calorías por 100g: 312kcal;60 min.;4 pers.;Precio: 1.9 €/persona;3.8;27;[<li>300 g. de arroz Brillante Sabroz</li>, <li>350 g. de pollo deshuesado (mejor contramuslos por ejemplo)</li>, <li>100 g. de chorizo ibérico en taquitos</li>, <li>300 g. de setas y champiñones</li>, <li>900 ml. de caldo pollo o de verduras</li>, <li>150 ml. de salsa de tomate</li>, <li>1 diente de ajo</li>, <li>1 vaso de vino tinto</li>, <li>1 hoja de laurel</li>, <li>Unas hebras de azafrán</li>, <li>Cebollino fresco</li>, <li>Sal y pimienta negra recién molida (al gusto de cada casa)</li>, <li>Aceite de oliva virgen extra</li>];['Recetas con arroz meloso', 'Recetas con arroz vaporizado', 'Recetas con pollo', 'Recetas de arroz', 'Recetas de arroz con pollo', 'Recetas de carnes y aves']
https://www.recetasderechupete.com/como-hacer-un-fondo-claro/25220/;Caldo de carne o fondo claro;Alfonso López;Fácil;https://www.recetasderechupete.com/wp-content/uploads/2019/07/fondo-claro-768x527.jpg;;Calorías por 100g: 50kcal;120 min.;6 pers.;Precio: 0.5 €/persona;4.4;18;[<li>1 kilo de huesos y recortes de ternera, pollo o caza</li>, <li>1 puerro</li>, <li>1 cebolla</li>, <li>1 zanahoria</li>, <li>1 rama de apio</li>, <li>1 nabo</li>, <li>1 diente de ajo</li>, <li>4 granos de pimienta negra</li>, <li>1 clavo de olor</li>, <li>1 bouquet garní</li>, <li>3 litros de agua</li>];['Cómo hacer...', 'Recetas con pollo', 'Recetas con ternera', 'Recetas de carnes y aves', 'Recetas de legumbres y guisos', 'Recetas de sopas, caldos y cremas']
https://www.recetasderechupete.com/pitu-caleya-receta-asturiana/18226/;Pitu caleya. Receta asturiana;Alfonso López;Dificultad media;https://www.recetasderechupete.com/wp-content/uploads/2016/12/Pitu_caleya-768x527.jpg;;Calorías por 100g: 302kcal;240 min.;5 pers.;Precio: 4 €/persona;3.7;53;[<li>½ pitu caleya o pollo de corral</li>, <li>3 cebollas</li>, <li>4 dientes de ajo</li>, <li>150 g. de pimiento verde</li>, <li>100 ml. de Jerez</li>, <li>100 ml. de brandy o coñac</li>, <li>400 ml. de agua</li>, <li>Aceite de oliva virgen extra</li>, <li>Sal y pimienta negra recién molida (al gusto)</li>];['Recetas con pollo', 'Recetas de carnes y aves']
https://www.recetasderechupete.com/como-hacer-un-sancocho/31678/;Cómo hacer un sancocho venezolano;Alfonso López;Fácil;https://www.recetasderechupete.com/wp-content/uploads/2020/07/Sancocho-768x530.jpg;https://www.youtube.com/embed/8cor-e-RbQ0?feature=oembed;Calorías por 100g: 213kcal;75 min.;4 pers.;Precio: 4.2 €/persona;4.1;11;[<li>1/2 gallina o 1/2 pollo troceado como para guisar</li>, <li>2 mazorcas de maíz o piñas de maíz</li>, <li>250 g. de calabaza</li>, <li>250 g. de ñame</li>, <li>250 g. de yuca</li>, <li>250 g. de ocumo</li>, <li>1/2 pimiento rojo</li>, <li>3 ajíes dulces</li>, <li>4 dientes de ajo</li>, <li>1 cebolla</li>, <li>1 puerro</li>, <li>2 zanahorias</li>, <li>Perejil fresco</li>, <li>Cilantro fresco</li>, <li>2 ramas de apio</li>, <li>2 cebollines</li>, <li>Pimienta negra recién molida y sal (al gusto de cada casa)</li>];['Recetas con pollo', 'Recetas de carnes y aves', 'Recetas de legumbres y guisos']
https://www.recetasderechupete.com/paella-de-pollo-receta-de-arroz-facil-y-barata/31247/;Paella de pollo. Receta de arroz fácil y barata;Alfonso López;Dificultad media;https://www.recetasderechupete.com/wp-content/uploads/2020/06/Paella-de-pollo-768x530.jpg;;Calorías por 100g: 290kcal;60 min.;4 pers.;Precio: 1.8 €/persona;3.7;15;[<li>750 g. pollo troceado</li>, <li>320 g. arroz bomba La Fallera</li>, <li>175 g. judías</li>, <li>100 g. pimiento rojo</li>, <li>100 g. pimiento verde</li>, <li>100 g. cebolla</li>, <li>1 zanahoria</li>, <li>1 diente de ajo</li>, <li>3 cdas. de salsa tomate</li>, <li>1 l. caldo pollo casero</li>, <li>1 cda. carne pimiento choricero</li>, <li>6-7 hebras de azafrán</li>, <li>1 hoja de laurel</li>, <li>1 ramita de tomillo</li>, <li>Aceite de oliva virgen extra</li>, <li>Sal (al gusto de cada casa)</li>];['Recetas con arroz bomba', 'Recetas con pollo', 'Recetas de arroz', 'Recetas de arroz con carne', 'Recetas de arroz con pollo', 'Recetas de carnes y aves', 'Recetas de paellas']
https://www.recetasderechupete.com/curry-de-pollo/23136/;Curry de pollo con arroz basmati;Alfonso López;Fácil;https://www.recetasderechupete.com/wp-content/uploads/2013/08/pollo-curry.jpg;https://www.youtube.com/embed/_jTTGObiOhY?feature=oembed;Calorías por 100g: 280kcal;30 min.;4 pers.;Precio: 2.4 €/persona;4.1;22;[<li>4 pechugas medianas o contramuslos de pollo deshuesados</li>, <li>2 cebollas</li>, <li>40 g. de anacardos tostados y pelados</li>, <li>2 dientes de ajo</li>, <li>1 cucharadita de jengibre finamente picado, o rallado</li>, <li>2 hojas de laurel</li>, <li>2 tomates medianos , sin corazón, sin semillas, y picados en trozos grandes</li>, <li>El zumo de una lima</li>, <li>250 ml. de leche de coco.</li>, <li>70 g. de uvas pasas o sultanas sin pepitas</li>, <li>50 ml. de aceite de oliva virgen suave</li>, <li>3 cucharaditas tipo postre (colmadas) de polvo de curry amarillo (original)</li>, <li>Sal y pimienta negra recién molida (al gusto)</li>, <li>1 cucharada de cilantro fresco picado, para cubrir el plato</li>, <li>Para acompañar: Arroz basmati o pan Naan</li>];['Recetas con arroz basmati', 'Recetas con arroz blanco', 'Recetas con pollo', 'Recetas de arroz con pollo', 'Recetas de carnes y aves']
https://www.recetasderechupete.com/guiso-albondigas-salsa-de-curry-patatas-fritas-receta/4928/;Albóndigas con salsa al curry;Alfonso López;Fácil;https://www.recetasderechupete.com/wp-content/uploads/2020/04/Albóndigas-al-curry-768x530.jpg;https://www.youtube.com/embed/RTd86t2SKX8?feature=oembed;Calorías por 100g: 320kcal;45 min.;6 pers.;Precio: 3 €/persona;3.7;39;[<li>Para las albóndigas: 500 g de carne picada (mezcla de ternera y cerdo)</li>, <li>3 rebanadas de pan de molde sin corteza (unos 80 g aproximadamente). Si sois celiacos, pan sin gluten.</li>, <li>Un plato con leche entera para remojar la miga del pan</li>, <li>2 huevos M</li>, <li>1 diente de ajo (si os gusta con más sabor 2)</li>, <li>1 plato de harina de trigo para pasar las albóndigas. Si sois celiacos, harina sin gluten, podéis emplear almidón de maíz</li>, <li>Sal, nuez moscada y pimienta negra recién molida (al gusto de cada casa)</li>, <li>Aceite de oliva virgen extra</li>, <li>Para la salsa de curry: 1 cebolla grande</li>, <li>150 ml de leche de coco o nata líquida (crema de leche para cocinar)</li>, <li>1 cucharada de harina de trigo o harina sin gluten</li>, <li>1 cucharadita de curry en polvo</li>, <li>250 ml de caldo de pollo o carne</li>, <li>20 g de uvas pasas sin semillas</li>, <li>Para acompañar las albóndigas: 4 patatas grandes que luego freíremos en aceite de oliva virgen extra suave</li>];['Recetas con pavo', 'Recetas con pollo', 'Recetas de albóndigas', 'Recetas de carne picada', 'Recetas de carnes y aves']
https://www.recetasderechupete.com/fideua-de-pollo-y-conejo/31080/;Fideuá de pollo y conejo;Alfonso López;Fácil;https://www.recetasderechupete.com/wp-content/uploads/2020/06/Fideuá-pollo-conejo-768x530.jpg;https://www.youtube.com/embed/cUFQCx51lFU?feature=oembed;Calorías por 100g: 202kcal;40 min.;4 pers.;Precio: 2.7 €/persona;3.7;13;[<li>300 g. de fideos gruesos nº 4</li>, <li>500 ml. de caldo de pollo</li>, <li>400 g. de carne de pollo (pechuga)</li>, <li>400 g. de carne de conejo (troceada)</li>, <li>1 pimiento verde italiano</li>, <li>1 cebolla</li>, <li>1 diente de ajo</li>, <li>40 ml. de salsa de tomate</li>, <li>6-7 hebras de azafrán</li>, <li>Sal (al gusto de cada casa, nosotros hemos añadido 6 gramos, una cucharadita de sal)</li>, <li>100 ml. de aceite de oliva virgen extra</li>];['Recetas con pollo', 'Recetas de carnes y aves', 'Recetas de fideuá', 'Recetas de pasta', 'Recetas de pasta con pollo']
https://www.recetasderechupete.com/cuscus-con-pollo-y-verduras-receta-paso-a-paso/4356/;Cuscús con pollo y verduras;Alfonso López;Fácil;https://www.recetasderechupete.com/wp-content/uploads/2016/03/cus_cus_pollo-768x527.jpg;https://www.youtube.com/embed/JXy2JZYYOL0?feature=oembed;Calorías por 100g: 290kcal;30 min.;4 pers.;Precio: 1.5 €/persona;3.5;365;[<li>400 g de pechuga de pollo</li>, <li>250 g de cous cous (1 vaso)</li>, <li>250 ml de agua (1 vaso)</li>, <li>60 g de uvas pasas</li>, <li>200 ml de vino blanco</li>, <li>1 limón</li>, <li>1 cebolla</li>, <li>1 pimiento pequeño rojo y otro verde</li>, <li></li>, <li>2 cebollinos</li>, <li>2 zanahorias</li>, <li>1 tomate</li>, <li>Sal y pimienta negra recién molida (al gusto)</li>, <li>Hierbas provenzales y estragón (al gusto)</li>];['Recetas con pollo', 'Recetas de carnes y aves', 'Recetas de ensaladas y verduras']
https://www.recetasderechupete.com/croquetas-caseras-de-pollo-asado/30283/;Croquetas caseras de pollo asado;Alfonso López;Dificultad media;https://www.recetasderechupete.com/wp-content/uploads/2020/05/Croquetas-de-pollo-asado-768x530.jpg;https://www.youtube.com/embed/6iO59xypENo?feature=oembed;Calorías por 100g: 295kcal;70 min.;10 pers.;Precio: 0.5 €/persona;3.8;13;[<li>120 g de harina de trigo de todo uso (se puede poner mitad de Maizena, la hará más suave)</li>, <li>125 g de mantequilla</li>, <li>2 muslos enteros de pollo asado (contramuslo y muslo)</li>, <li>1 litro de leche entera</li>, <li>2 quesitos en porciones</li>, <li>Sal y pimienta blanca molida (al gusto de cada casa)</li>, <li>Una pizca de nuez moscada</li>, <li>Para el rebozado: harina de trigo de todo uso</li>, <li>2 huevos M</li>, <li>Pan rallado</li>, <li>Para la fritura: Aceite de oliva virgen extra suave o aceite de girasol</li>];['Recetas con pollo', 'Recetas de carnes y aves', 'Recetas de tapas y aperitivos']
https://www.recetasderechupete.com/croquetas-casi-liquidas-de-queso-y-pollo/30202/;Croquetas casi líquidas de queso y pollo;Alfonso López;Dificultad media;https://www.recetasderechupete.com/wp-content/uploads/2020/05/Croquetas-casi-líquidas-de-queso-768x530.jpg;https://www.youtube.com/embed/w7zWFYRUIfA?feature=oembed;Calorías por 100g: 302kcal;45 min.;10 pers.;Precio: 0.5 €/persona;4.8;4;[<li>Para el relleno de las croquetas: 500 ml. de leche entera</li>, <li>40 g. de mantequilla</li>, <li>40 g. de harina de trigo común o de todo uso (si sois celiacos se pueden hacer con Maicena o almidón de maíz)</li>, <li>80 g. de queso azul</li>, <li>50 g. de pollo (ya cocinado)</li>, <li>6 láminas de gelatina</li>, <li>Una pizca de sal fina</li>, <li>Para el rebozado: 150 g. de pan rallado (o pan rallado sin gluten si sois celiacos)</li>, <li>2 huevos</li>, <li>Para freír: Aceite de oliva virgen extra suave o aceite de girasol</li>];['Recetas con pollo', 'Recetas de pan, masas y rebozados', 'Recetas de tapas y aperitivos']
https://www.recetasderechupete.com/canelones-rellenos-de-pollo/29666/;Canelones rellenos de pollo;Alfonso López;Dificultad media;https://www.recetasderechupete.com/wp-content/uploads/2020/04/Canelones-rellenos-de-pollo-768x530.jpg;;Calorías por 100g: 326kcal;120 min.;4 pers.;Precio: 2.6 €/persona;3.4;47;[<li>Para los canelones: 16 placas de pasta para canelones</li>, <li>500 g de carne picada de pollo</li>, <li>2 cebollas</li>, <li>2 dientes de ajo</li>, <li>4 tomates maduros</li>, <li>100 ml de vino blanco</li>, <li>100 ml de caldo de verduras</li>, <li>1 cucharada de harina de trigo</li>, <li>Aceite de oliva virgen extra</li>, <li>Sal y pimienta negra recién molida (al gusto de cada casa)</li>, <li>100 g de queso Cheddar</li>, <li>Para la bechamel: 100 g de mantequilla</li>, <li>100 g de harina de trigo común 00</li>, <li>800 ml de leche entera</li>, <li>Sal</li>, <li>Pimienta blanca molida y nuez moscada (opcional)</li>];['Recetas con pollo', 'Recetas de canelones', 'Recetas de carne picada', 'Recetas de carnes y aves', 'Recetas de pasta', 'Recetas de pasta con pollo']
https://www.recetasderechupete.com/nuggets-pollo-espinacas/20651/;Nuggets de pollo con espinacas;Alfonso López;Fácil;https://www.recetasderechupete.com/wp-content/uploads/2018/01/Nuggets-con-espinacas-768x527.jpg;https://www.youtube.com/embed/HbLuuRhYD6Q?feature=oembed;Calorías por 100g: 290kcal;40 min.;4 pers.;Precio: 2 €/persona;4.5;31;[<li>2 pechugas de pollo grandes (500 g. aprox.)</li>, <li>175 g. de vuestro queso crema preferido</li>, <li>100 g. de espinacas frescas</li>, <li>Sal (al gusto)</li>, <li>Para el rebozado: 2 huevos</li>, <li>4 cucharadas de harina de trigo</li>, <li>4 cucharadas de pan rallado</li>, <li>Aceite de oliva virgen extra suave para freír</li>, <li>Si son al horno, papel de horno</li>];['Recetas con pollo', 'Recetas de carnes y aves', 'Recetas de ensaladas y verduras', 'Recetas de pechuga de pollo', 'Recetas de tapas y aperitivos']
https://www.recetasderechupete.com/albondigas-de-pollo/11221/;Albóndigas de pollo;Alfonso López;Fácil;https://www.recetasderechupete.com/wp-content/uploads/2014/07/albondigas_pollo.jpg;;Calorías por 100g: 292kcal;100 min.;4 pers.;Precio: 1.5 €/persona;3.6;169;[<li>Para las albóndigas: 2 pechugas de pollo limpias de grasa (800 g. aprox.)</li>, <li>2 huevos M</li>, <li>1 diente de ajo</li>, <li>6 cucharadas de pan rallado</li>, <li>4 cucharadas de harina de trigo (o de almidón de maíz o Maicena si eres celiaco)</li>, <li>120 ml de vino blanco</li>, <li>600 ml de agua o caldo de pollo</li>, <li>½ pimiento rojo </li>, <li>½ puerro</li>, <li>2 dientes de ajo</li>, <li>1 cebolla grande</li>, <li>1 zanahoria</li>, <li>1 calabacín pequeño</li>, <li>1 ramita de tomillo fresco o 1 cucharadita de tomillo seco</li>, <li>Sal y pimienta negra (al gusto de cada casa)</li>, <li>Aceite de oliva virgen extra (la necesaria para sofreír las verduras y freír las albóndigas)</li>];['Recetas con pollo', 'Recetas de albóndigas', 'Recetas de carnes y aves']
https://www.recetasderechupete.com/alitas-de-pollo-al-horno-con-salsa-de-soja-miel-y-limon/9995/;Alitas de pollo al horno;Alfonso López;Superfácil;https://www.recetasderechupete.com/wp-content/uploads/2018/06/alitas-de-pollo-horno-768x527.jpg;https://www.youtube.com/embed/mc1KFkvc-O4?feature=oembed;Calorías por 100g: 290kcal;40 min.;4 pers.;Precio: 1.6 €/persona;3.5;78;[<li>1 kg. de alitas de pollo</li>, <li>Para el adobo inicial del pollo: sal y pimienta negra recién molida (al gusto de cada casa)</li>, <li>Tomillo y romero seco (1 cucharadita)</li>, <li>Una pizca de cayena o guindilla (opcional) </li>, <li>Un diente de ajo en trocitos muy pequeños</li>, <li>Para hacer la salsa del horneado: El zumo de un limón</li>, <li>75 ml. de salsa de soja (suave a ser posible)</li>, <li>75 ml. de miel (la que más os guste)</li>, <li>1 cucharadita (tipo postre) de orégano seco y molido</li>];['Recetas con pollo', 'Recetas de carne al horno', 'Recetas de carnes y aves', 'Recetas de muslos de pollo', 'Recetas de tapas y aperitivos']
https://www.recetasderechupete.com/pollo-en-pepitoria-con-shiitake-receta-paso-a-paso/3262/;Pollo en pepitoria con setas;Alfonso López;Fácil;https://www.recetasderechupete.com/wp-content/uploads/2020/03/Pollo-pepitoria-setas-768x527.jpg;https://www.youtube.com/embed/aNmSriPGMYA?feature=oembed;Calorías por 100g: 290kcal;120 min.;4 pers.;Precio: 4 €/persona;4.3;8;[<li>1 pollo de 1 kg aproximadamente.</li>, <li>3 dientes de ajo</li>, <li>1 cebolla</li>, <li>200 g de setas Shiitake</li>, <li>200 ml de vino blanco</li>, <li>Caldo de pollo, ave o agua</li>, <li>35 g de almendras picadas</li>, <li>Hebras de azafrán (unas 5-6 hebras aproximadamente)</li>, <li>Perejil fresco</li>, <li>2 huevos medianos cocidos</li>, <li>Sal y pimienta negra recién molida (al gusto de cada casa)</li>, <li>Aceite de oliva virgen extra</li>];['Recetas con pollo', 'Recetas de carnes y aves', 'Recetas de legumbres y guisos']
https://www.recetasderechupete.com/caldo-de-pollo-casero/13726/;Caldo de pollo casero;Alfonso López;Fácil;https://www.recetasderechupete.com/wp-content/uploads/2015/07/consome_caldo_pollo_casero.jpg;;Calorías por 100g: 40kcal;120 min.;10 pers.;Precio: 0.4 €/persona;3.6;197;[<li>1 cebolla</li>, <li>1 puerro</li>, <li>1 patata</li>, <li>1 trozo de calabaza</li>, <li>2 zanahorias</li>, <li>1 esqueleto de pollo</li>, <li>1 pechuga de pollo</li>, <li>Perejil fresco</li>, <li>Sal y pimienta negra en grano (al gusto)</li>, <li>1 hoja de laurel</li>, <li>2,5 litros de agua</li>];['Recetas con pollo', 'Recetas de carnes y aves', 'Recetas de sopas, caldos y cremas']
https://www.recetasderechupete.com/arroz-caldoso-con-pollo/27977/;Arroz caldoso con pollo en cazuela;Alfonso López;Fácil;https://www.recetasderechupete.com/wp-content/uploads/2020/02/Arroz-con-pollo-768x527.jpg;https://www.youtube.com/embed/_8X7tXrSSuU?feature=oembed;Calorías por 100g: 220kcal;30 min.;4 pers.;Precio: 0.8 €/persona;3.8;22;[<li>300 g. arroz SOS Especial caldosos y melosos</li>, <li>½ pollo troceado</li>, <li>150 g. de tomate triturado</li>, <li>1 pimiento rojo</li>, <li>1 pimiento verde</li>, <li>2 dientes de ajo</li>, <li>100 g. de guisantes</li>, <li>1,3 litros de caldo de pollo</li>, <li>½ vaso de vino blanco (150 ml.)</li>, <li>Perejil fresco</li>, <li>Aceite de oliva virgen extra</li>, <li>Unas hebras de azafrán</li>, <li>Sal (al gusto de cada casa)</li>];['Recetas con arroz bomba', 'Recetas con pollo', 'Recetas de arroz', 'Recetas de arroz caldoso', 'Recetas de arroz con pollo', 'Recetas de carnes y aves']
https://www.recetasderechupete.com/guiso-de-pollo-a-la-naranja/10221/;Pollo a la naranja;Alfonso López;Fácil;https://www.recetasderechupete.com/wp-content/uploads/2020/01/guiso-de-pollo-naranja-768x527.jpg;;Calorías por 100g: 280kcal;165 min.;4 pers.;Precio: 1.6 €/persona;3.6;48;[<li>1 Kg. de pollo troceado (o 4 contra muslos)</li>, <li>1 diente de ajo</li>, <li>1 cebolla grande</li>, <li>4 naranjas, para 2 vasos de zumo aproximadamente</li>, <li>1 Kg. de patatas gallegas</li>, <li>Piel o ralladura de 1 naranja</li>, <li>50 g. de harina de trigo o almidón de maíz</li>, <li>Aceite de oliva virgen extra</li>, <li>Sal y pimienta negra recién molida (al gusto de cada casa)</li>];['Recetas con pollo', 'Recetas de carnes y aves', 'Recetas de muslos de pollo', 'Recetas de patatas, huevos, salsas y guarniciones']
https://www.recetasderechupete.com/pollo-relleno-arrollado-de-pollo-especial-navidad/12008/;Pollo relleno. Arrollado de pollo especial Navidad;Alfonso López;Difícil;https://www.recetasderechupete.com/wp-content/uploads/2014/12/pollo_relleno.jpg;;Calorías por 100g: 286kcal;165 min.;8 pers.;Precio: 3 €/persona;3.9;31;[<li>1 pollo de corral grande deshuesado</li>, <li>100 g. bacon</li>, <li>200 g. champiñones</li>, <li>2 huevos</li>, <li>Uvas pasas, un puñado, 5 orejones y 1 manzana</li>, <li>100 g. foie gras de pato, sal, tomillo y 1 limón</li>, <li>Aceite de oliva virgen extra</li>, <li>½ vaso de agua y 1 vaso de brandy</li>, <li>Para la salsa: ½ puerro</li>, <li>50 ml. nata líquida para cocinar</li>, <li>Cordón de cocina, 1 aguja gorda, como las de rematar en calceta</li>];['Recetas con pollo', 'Recetas de carne para navidad', 'Recetas de carnes y aves', 'Recetas para ocasiones especiales']
https://www.recetasderechupete.com/pollo-relleno-para-navidad/27108/;Pollo relleno para Navidad;Alfonso López;Fácil;https://www.recetasderechupete.com/wp-content/uploads/2019/11/Pollo-relleno-de-Navidad-768x527.jpg;https://www.youtube.com/embed/tZU7syz0zRQ?feature=oembed;Calorías por 100g: 315kcal;45 min.;6 pers.;Precio: 1.2 €/persona;3.6;31;"[<li>1 pollo de corral Galicia Calidade (1 Kg y medio deshuesado de ""La camisería"" de COREN)</li>, <li>500 g. carne picada (mixta cerdo y ternera)</li>, <li>100 g. bacon</li>, <li>100 g. queso tierno rallado</li>, <li>200 g. cebolla</li>, <li>2 dientes de ajo</li>, <li>3 huevos</li>, <li>2 vasos de vino de Jerez (300 ml.)</li>, <li>1 limón</li>, <li>Aceite de oliva virgen extra</li>, <li>Sal y pimienta negra recién molida (al gusto de cada casa)</li>, <li>Patatas (5 patatas grandes especiales para hornear)</li>, <li>Romero</li>, <li>Una malla de cocina, hilo de cocina y una aguja grande para cerrar el pollo</li>]";['Cómo hacer...', 'Recetas con pollo', 'Recetas de carne para navidad', 'Recetas de carnes y aves', 'Recetas para ocasiones especiales']
https://www.recetasderechupete.com/pularda-de-convento-rellena-con-salsa-de-pedro-ximenez/6929/;Pularda rellena. Receta Navidad;Alfonso López;Difícil;https://www.recetasderechupete.com/wp-content/uploads/2017/12/Pularda-rellena-de-Navidad-768x527.jpg;;Calorías por 100g: 306kcal;200 min.;8 pers.;Precio: 6 €/persona;3.8;170;[<li>1 pularda de 3 kg aproximadamente</li>, <li>2 cebollas grandes</li>, <li>1 puerro grande</li>, <li>300 g de lacón o jamón picado</li>, <li>200 g de champiñones o setas</li>, <li>3 manzanas</li>, <li>50 g de piñones pelados</li>, <li>150 g (50 g de cada) de uvas sultanas, ciruelas sin hueso y frutos del bosque deshidratados.</li>, <li>100 ml de aceite de oliva virgen extra</li>, <li>Pimienta negra recién molida y sal (mejor fina, unas 3 cucharaditas tipo café llenas para salpimentar la pularda)</li>, <li>250 ml de PX, Oporto, Coñac, Brandy o un licor similar</li>, <li>Opcional: Calabaza, tomates, zanahoria, pimiento rojo y verde (las verduras y hortalizas aportan jugosidad)</li>, <li>2 hojas de laurel</li>];['Recetas con pollo', 'Recetas de carne para navidad', 'Recetas de carnes y aves', 'Recetas para ocasiones especiales']
https://www.recetasderechupete.com/capon-relleno-de-navidad/23193/;Capón relleno de Navidad;Alfonso López;Dificultad media;https://www.recetasderechupete.com/wp-content/uploads/2018/11/Capón-relleno-de-Navidad-768x527.jpg;;Calorías por 100g: 270kcal;270 min.;10 pers.;Precio: 5.8 €/persona;3.5;44;[<li>Capón limpio y sin vísceras (7 kg.)</li>, <li>300 g. carne de cerdo picada</li>, <li>150 g. manzanas</li>, <li>50 g. uvas pasas</li>, <li>50 g. ciruelas pasas</li>, <li>50 g. orejones</li>, <li>50 g. higos secos</li>, <li>50 g. almendras</li>, <li>50 g. nueces</li>, <li>250 ml. caldo de pollo</li>, <li>200 ml. Coñac, Brandy, Pedro Ximenez...</li>, <li>Pimienta negra recién molida y sal (al gusto)</li>, <li>Patatas</li>, <li>Cebollitas</li>, <li>Aguja e hilo de cocina</li>];['Recetas con pollo', 'Recetas de carne para navidad', 'Recetas de carnes y aves']
https://www.recetasderechupete.com/empanadas-venezolanas-de-pollo-y-queso/26908/;Empanadas venezolanas de pollo y queso;Alfonso López;Dificultad media;https://www.recetasderechupete.com/wp-content/uploads/2019/11/Empanadas-venezolanas-pollo-768x527.jpg;https://www.youtube.com/embed/vlsqqjqhsQo?feature=oembed;Calorías por 100g: 290kcal;60 min.;4 pers.;Precio: 1.5 €/persona;3.5;17;[<li>Para la masa de las empanadas: 2 ½ tazas de agua</li>, <li>2 tazas de harina de maíz precocida</li>, <li>1 cdita. de cúrcuma (opcional)</li>, <li>1 cdita. de sal</li>, <li>1 cdita. de azúcar integral</li>, <li>Para el relleno: 300 g. pechuga de pollo</li>, <li>1 puerro</li>, <li>1 litro de caldo de pollo</li>, <li>120 g. queso</li>, <li>100 g. pimiento rojo</li>, <li>100 g. cebolla</li>, <li>Aceite de oliva virgen extra</li>, <li>Sal (al gusto de cada casa)</li>, <li>Aceite de girasol o aceite de oliva suave para freír</li>];['Recetas con pollo', 'Recetas de carnes y aves', 'Recetas de pan, masas y rebozados', 'Recetas de tapas y aperitivos']
https://www.recetasderechupete.com/arepas-venezolanas-con-relleno-la-reina-pepiada/8351/;Arepas venezolanas Reina Pepiada;Alfonso López;Fácil;https://www.recetasderechupete.com/wp-content/uploads/2013/10/arepas_venezolanas_reina_pepiada.jpg;;Calorías por 100g: 295kcal;35 min.;6 pers.;Precio: 1.4 €/persona;3.5;213;[<li>2 tazas de harina de maíz precocida P.A.N. o similar (blanca)</li>, <li>4 tazas de agua tibia</li>, <li>1 cucharada de postre de sal</li>, <li>Para el relleno “La Reina pepiada”: 400 g. de pechuga de pollo</li>, <li>2 dientes de ajo</li>, <li>1 cebolla mediana</li>, <li>1 aguacate maduro</li>, <li>3 cucharadas de mayonesa casera</li>, <li>25 ml. de aceite de oliva virgen extra</li>, <li>Sal y pimienta negra recién molida (al gusto)</li>];['Recetas con pollo', 'Recetas de carnes y aves', 'Recetas de tapas y aperitivos']
https://www.recetasderechupete.com/fingers-o-tiras-crujientes-de-pollo-con-salsa-cesar/9384/;Fingers o tiras crujientes de pollo;Alfonso López;Fácil;https://www.recetasderechupete.com/wp-content/uploads/2017/08/tiras-de-pollo-768x527.jpg;;Calorías por 100g: 295kcal;90 min.;6 pers.;Precio: 0.5 €/persona;4;44;[<li>2 pechugas de pollo grandes</li>, <li>2 dientes de ajo</li>, <li>1 manojo de perejil fresco</li>, <li>3 cucharadas de salsa inglesa (Worcestershire)</li>, <li>100 g. patatas fritas de bolsa para rebozar</li>, <li>100 g. harina de trigo para rebozar</li>, <li>2 huevos grandes para rebozar</li>, <li>150 ml. de salsa César</li>, <li>Opcional: 50 g. de queso Parmesano rallado</li>];['Recetas con pollo', 'Recetas de carnes y aves', 'Recetas de tapas y aperitivos']
https://www.recetasderechupete.com/san-jacobos-pollo/17144/;San Jacobos de pollo;Alfonso López;Fácil;https://www.recetasderechupete.com/wp-content/uploads/2016/07/Sanjacobos-de-pollo-24-copia.jpg;;Calorías por 100g: 286kcal;35 min.;6 pers.;Precio: 0.5 €/persona;4;14;[<li>8 filetes de pechuga de pollo</li>, <li>4 lonchas de jamón cocido</li>, <li>4 lonchas de queso</li>, <li>1 huevo</li>, <li>Harina de trigo (si sois celiacos sin gluten)</li>, <li>Pan rallado (si sois celiacos sin gluten)</li>, <li>Aceite de oliva virgen extra</li>, <li>Sal y pimienta negra recién molida (al gusto)</li>];['Recetas con pollo', 'Recetas de carnes y aves', 'Recetas de filetes']
https://www.recetasderechupete.com/arroz-con-pollo-y-conejo/14752/;Arroz con pollo y conejo en paella;Alfonso López;Fácil;https://www.recetasderechupete.com/wp-content/uploads/2016/11/Arroz-con-conejo-y-pollo-768x527.jpg;;Calorías por 100g: 168kcal;50 min.;4 pers.;Precio: 2.3 €/persona;3.9;36;[<li>300 g. arroz redondo Sabroz</li>, <li>300 g. conejo</li>, <li>300 g. pollo</li>, <li>250 g. judía verde plana</li>, <li>125 g. judía de garrofó o garrofón</li>, <li>100 ml. aceite de oliva de oliva virgen extra</li>, <li>2 dientes de ajo</li>, <li>300 g. tomates maduros</li>, <li>1 rama de romero fresco</li>, <li>Azafrán</li>, <li>½ cdita. de pimentón dulce</li>, <li>Sal (al gusto)</li>];['Recetas con arroz bomba', 'Recetas con pollo', 'Recetas de arroz', 'Recetas de arroz con carne', 'Recetas de arroz con pollo', 'Recetas de carnes y aves', 'Recetas de paellas']
https://www.recetasderechupete.com/ensalada-de-quinoa-con-pollo/25192/;Ensalada de quinoa con pollo;Alfonso López;Fácil;https://www.recetasderechupete.com/wp-content/uploads/2019/07/Ensalada-quinoa-1-768x527.jpg;https://www.youtube.com/embed/9plTVnq1v6Q?feature=oembed;Calorías por 100g: 235kcal;25 min.;4 pers.;Precio: 3.8 €/persona;4.3;12;[<li>2 vasitos de quinoa Brillante blanca y roja</li>, <li>100 g. zanahorias</li>, <li>8 espárragos verdes</li>, <li>80 g. lombarda</li>, <li>100 g. pechuga de pollo</li>, <li>Aceite de oliva virgen extra</li>, <li>Vinagre</li>, <li>Sal (al gusto)</li>, <li>Sésamo tostado</li>, <li>Almendras fileteadas</li>];['Recetas con pollo', 'Recetas de ensaladas y verduras']
https://www.recetasderechupete.com/ensalada-exotica-pollo-queso-de-arzua-y-nueces/3564/;Ensalada de pollo con queso de Arzúa y nueces;Alfonso López;Fácil;https://www.recetasderechupete.com/wp-content/uploads/2016/11/ensalada_queso_nueces-768x527.jpg;;Calorías por 100g: 215kcal;10 min.;6 pers.;Precio: 1.9 €/persona;4.1;30;[<li>1 lechuga verde y bien hermosa. Si queréis mezclar con algo de escarola.</li>, <li>150 g de pechuga de pollo</li>, <li>100 g de queso de arzúa</li>, <li>50 g de aceitunas sin hueso, de la marca y relleno que más os guste</li>, <li>50 g de nueces</li>, <li>3 huevos</li>, <li>100 ml de aceite de oliva virgen extra</li>, <li>50 ml de vinagre de Módena</li>, <li>50 ml de vinagre de Jerez</li>, <li>Sal y pimienta negra (al gusto)</li>, <li>Media cucharadita de cada una de estas hierbas: Orégano, hierbabuena y albahaca. O aquellas que más os gusten.</li>];['Recetas con pollo', 'Recetas de ensaladas y verduras']
https://www.recetasderechupete.com/ensalada-de-pollo-y-pina/19604/;Ensalada de pollo y piña;Alfonso López;Fácil;https://www.recetasderechupete.com/wp-content/uploads/2017/06/ensalada-de-piña-y-pollo-768x527.jpg;;Calorías por 100g: 256kcal;18 min.;4 pers.;Precio: 0 €/persona;4;31;[<li>1 piña</li>, <li>1 pechuga de pollo grande</li>, <li>1 manzana verde</li>, <li>2 huevos</li>, <li>12 pepinillos</li>, <li>1 lechuga (no muy grande)</li>, <li>sal y pimienta negra recién molida (al gusto)</li>, <li>Salsa rosa básica (100 g. de mayonesa y 80 g. de kétchup)</li>];['Recetas con pollo', 'Recetas de ensaladas y verduras']
https://www.recetasderechupete.com/pollo-asado-con-mostaza-y-miel/11468/;Pollo asado con mostaza y miel acompañado de arroz blanco;Alfonso López;Fácil;https://www.recetasderechupete.com/wp-content/uploads/2014/09/pollo_mostaza_miel.jpg;;Calorías por 100g: 280kcal;60 min.;4 pers.;Precio: 1.5 €/persona;3.6;53;[<li>12 jamoncitos o muslos de pollo (3 por persona)</li>, <li>2 dientes de ajo</li>, <li>2 cucharadas soperas de mostaza antigua</li>, <li>4 cucharadas soperas de miel</li>, <li>1 manojo de perejil</li>, <li>Zumo de 1 limón grande</li>, <li>150 ml. brandy o coñac</li>, <li>Sal y pimienta negra recién molida (al gusto)</li>];['Recetas con arroz blanco', 'Recetas con arroz bomba', 'Recetas con pollo', 'Recetas de arroz', 'Recetas de arroz con pollo', 'Recetas de carne al horno', 'Recetas de carnes y aves', 'Recetas de muslos de pollo']
https://www.recetasderechupete.com/chop-suey-de-pollo-receta-china/11219/;Chop suey de pollo con arroz blanco. Receta china;Alfonso López;Fácil;https://www.recetasderechupete.com/wp-content/uploads/2014/07/chop_suey_pollo.jpg;;Calorías por 100g: 290kcal;60 min.;4 pers.;Precio: 1.5 €/persona;3.4;119;[<li>2 pechugas de pollo</li>, <li>½ pimiento rojo</li>, <li>1 calabacín pequeño</li>, <li>1 cebolla</li>, <li>1 zanahoria grande</li>, <li>180 g. brotes de soja (mejor frescos)</li>, <li>1 cucharadita de jengibre fresco picadito</li>, <li>1 diente de ajo</li>, <li>150 ml. salsa de soja</li>, <li>1 cucharadita de aceite de sésamo</li>, <li>Aceite de girasol para freír</li>];['Recetas con arroz basmati', 'Recetas con arroz blanco', 'Recetas con pollo', 'Recetas de arroz', 'Recetas de arroz con pollo', 'Recetas de carnes y aves', 'Recetas de ensaladas y verduras']
https://www.recetasderechupete.com/pollo-a-la-jardinera/14315/;Pollo a la jardinera;Alfonso López;Fácil;https://www.recetasderechupete.com/wp-content/uploads/2015/11/pollo_jardinera.jpg;;Calorías por 100g: 270kcal;60 min.;4 pers.;Precio: 2 €/persona;3.5;129;[<li>4 muslos y contramuslos de pollo</li>, <li>1 cebolla</li>, <li>3 dientes de ajo</li>, <li>2 zanahorias</li>, <li>½ pimiento rojo</li>, <li>100 g. de guisantes (valen congelados)</li>, <li>2 tomates maduros</li>, <li>1 hoja de laurel</li>, <li>100 ml. vino blanco</li>, <li>200 ml. agua o caldo de pollo</li>, <li>Aceite de oliva virgen extra</li>, <li>Sal (al gusto de cada casa)</li>];['Recetas con pollo', 'Recetas de carnes y aves']
https://www.recetasderechupete.com/caldo-de-pollo-concentrado/24134/;Caldo de pollo concentrado;Alfonso López;Fácil;https://www.recetasderechupete.com/wp-content/uploads/2019/03/Caldo-de-pollo-768x527.jpg;;Calorías por 100g: 40kcal;120 min.;10 pers.;Precio: 0.4 €/persona;4.5;12;[<li>1 esqueleto de pollo</li>, <li>1 cuarto trasero de gallina</li>, <li>Puntas de jamón</li>, <li>1 hueso de ternera, de caña o rodilla</li>, <li>2 dientes de ajo</li>, <li>1 nabo</li>, <li>1 cebolla</li>, <li>1 rama de apio</li>, <li>1 puerro, solo la parte blanca</li>, <li>2 zanahorias</li>, <li>Pimienta negra en grano</li>, <li>3 hojas de laurel</li>, <li>Agua</li>];['Recetas con pollo', 'Recetas con ternera', 'Recetas de carnes y aves', 'Recetas de sopas, caldos y cremas']
https://www.recetasderechupete.com/pollo-al-curry-express-curry-rapido/23145/;Pollo al curry express. Curry rápido;Alfonso López;Fácil;https://www.recetasderechupete.com/wp-content/uploads/2018/11/Pollo-al-curry-express-768x527.jpg;;Calorías por 100g: 305kcal;15 min.;4 pers.;Precio: 1.5 €/persona;3.7;17;[<li>3 muslos con su contramuslo o 2 pechugas de pollo</li>, <li>1 cebolleta</li>, <li>1 diente de ajo</li>, <li>Jengibre fresco (5 g.)</li>, <li>1 guindilla pequeña, chile o cayena</li>, <li>5 g. de curry molido o en polvo. Una cucharada muy generosa.</li>, <li>2 g. de cúrcuma</li>, <li>2 g. de comino molido</li>, <li>50 ml. de tomate natural triturado</li>, <li>Pimienta negra recién molida y sal (al gusto)</li>, <li>200 ml. de leche de coco</li>, <li>Aceite de oliva virgen extra o aceite de girasol (o semillas)</li>, <li>Cilantro fresco para decorar</li>, <li>Opcional: 200 g. de arroz Básmati Sundari y pan hindú Naan</li>];['Recetas con arroz basmati', 'Recetas con arroz blanco', 'Recetas con pollo', 'Recetas de arroz con pollo', 'Recetas de carnes y aves']
https://www.recetasderechupete.com/como-hacer-pollo-con-arroz/19880/;Cómo hacer pollo con arroz;Alfonso López;Fácil;https://www.recetasderechupete.com/wp-content/uploads/2017/08/Pollo-con-arroz-1-768x527.jpg;;Calorías por 100g: 275kcal;45 min.;4 pers.;Precio: 1.5 €/persona;4.3;43;[<li>1 pollo troceado para guisar (1.7 kg. aprox.)</li>, <li>1 cebolla grande</li>, <li>3 dientes de ajo</li>, <li>300 gr. arroz de grano redondo Sabroz</li>, <li>Sal (al gusto)</li>, <li>Aceite de oliva virgen extra</li>, <li>250 ml. vino blanco</li>, <li>Una ramita de tomillo</li>];['Recetas con arroz vaporizado', 'Recetas con pollo', 'Recetas de arroz', 'Recetas de arroz con pollo', 'Recetas de carnes y aves']
https://www.recetasderechupete.com/alitas-de-pollo-al-horno-con-salsa-barbacoa-casera/9199/;Alitas de pollo al horno con salsa barbacoa;Alfonso López;Superfácil;https://www.recetasderechupete.com/wp-content/uploads/2016/09/alitas-de-pollo-en-salsa-barbacoa-768x527.jpg;;Calorías por 100g: 348kcal;40 min.;6 pers.;Precio: 1.5 €/persona;3.3;87;[<li>1,5 kg. de alitas de pollo</li>, <li>1 cebolla y 2 dientes de ajo</li>, <li>1 cucharada de mantequilla</li>, <li>3 cucharadas de aceite de oliva virgen extra</li>, <li>1 cucharada de mostaza (Antigua o Dijon)</li>, <li>3 cucharadas de salsa inglesa (Perrins o worcester)</li>, <li>1 cucharada de salsa de soja</li>, <li>1 cucharada colmada de miel gallega</li>, <li>100 ml de ketchup</li>, <li>200 ml de salsa de tomate casera</li>, <li>200 ml de agua</li>, <li>Sal y pimienta negra recién molida (al gusto)</li>];['Recetas con pollo', 'Recetas de carne al horno', 'Recetas de carnes y aves', 'Recetas de muslos de pollo', 'Recetas de patatas, huevos, salsas y guarniciones']
https://www.recetasderechupete.com/pollo-campero-o-de-corral-guisado/23210/;Pollo campero o de corral guisado;Alfonso López;Dificultad media;https://www.recetasderechupete.com/wp-content/uploads/2018/11/Pollo-campero-guisado-768x527.jpg;;Calorías por 100g: 295kcal;240 min.;8 pers.;Precio: 4.5 €/persona;3.5;79;[<li>1 pollo campero (De 5 a 6 Kg)</li>, <li>3 cebollas</li>, <li>5 dientes de ajo</li>, <li>300 g. pimiento verde</li>, <li>300 g. pimiento rojo</li>, <li>2 tomates maduros</li>, <li>2 zanahorias medianas</li>, <li>Ramillete de hierbas aromáticas frescas (orégano, tomillo y romero)</li>, <li>Hebras de azafrán</li>, <li>200 ml. de vino blanco (godello, ribeiro, albariño, monterrey…)</li>, <li>200 ml. de Brandy o Coñac</li>, <li>800 ml. de agua</li>, <li>1 cucharadita (tipo café) de pimentón dulce</li>, <li>Sal y pimienta negra recién molida (al gusto)</li>, <li>Aceite de oliva virgen extra (para el guiso y para freír las patatas)</li>, <li>Para la guarnición: 8 patatas gallegas para freír</li>];['Recetas con pollo', 'Recetas de carnes y aves', 'Recetas de guisos de carne']
https://www.recetasderechupete.com/pollo-al-curry-con-arroz-basmati-receta-paso-a-paso/8199/;Pollo al curry con arroz thai;Alfonso López;Fácil;https://www.recetasderechupete.com/wp-content/uploads/2018/01/Pollo-al-curry-2-768x527.jpg;https://www.youtube.com/embed/fNjle2EZ4OI?feature=oembed;Calorías por 100g: 256kcal;40 min.;4 pers.;Precio: 2.8 €/persona;3.7;105;[<li>4 pechugas medianas de pollo deshuesadas </li>, <li>2 cebollas</li>, <li>200 g. de arroz Thai Sundari</li>, <li>40 g. de anacardos tostados y pelados (podéis emplear el fruto seco que más os guste)</li>, <li>250 ml. de leche de coco.</li>, <li>70 g. de uvas pasas o sultanas</li>, <li>50 ml. de aceite de oliva virgen suave</li>, <li>3 cucharaditas tipo de postre (colmadas) de polvo de curry amarillo</li>, <li>Sal y pimienta negra recién molida (al gusto)</li>, <li>Hojas frescas de cilantro</li>];['Recetas con arroz basmati', 'Recetas con arroz blanco', 'Recetas con pollo', 'Recetas de arroz', 'Recetas de arroz con pollo', 'Recetas de carnes y aves']
https://www.recetasderechupete.com/cuscus-con-pollo-al-curry/19485/;Cuscús con pollo al curry;Alfonso López;Fácil;https://www.recetasderechupete.com/wp-content/uploads/2017/06/Cuscus-con-pollo-al-curry-768x527.jpg;;Calorías por 100g: 290kcal;35 min.;4 pers.;Precio: 2.7 €/persona;3.8;50;[<li>1 Pechuga de pollo (preferiblemente sin piel).</li>, <li>1 cebolla</li>, <li>½ pimiento verde</li>, <li>½ pimiento rojo</li>, <li>1 zanahoria grande</li>, <li>1 diente de ajo</li>, <li>125 gr. de cuscús de grano medio</li>, <li>Mantequilla</li>, <li>Curry en polvo</li>, <li>Aceite de oliva virgen extra</li>, <li>Sal y pimienta negra recién molida (al gusto)</li>];['Recetas con pollo', 'Recetas de carnes y aves']
https://www.recetasderechupete.com/receta-de-empanadillas-de-pollo-y-setas/319/;Empanadillas de pollo y setas;Alfonso López;Dificultad media;https://www.recetasderechupete.com/wp-content/uploads/2009/05/Empanadillas-de-pollo-y-setas-768x527.jpg;;Calorías por 100g: 286kcal;90 min.;8 pers.;Precio: 0.5 €/persona;4.6;26;[<li>500 g de masa empanada gallega</li>, <li>Para el relleno de las empanadillas: 250 g de pechuga de pollo o contramuslos</li>, <li>2 cebollas grandes</li>, <li>1 diente de ajo</li>, <li>2 huevos duros</li>, <li>1 pimiento rojo</li>, <li>1/2 vaso de vino blanco</li>, <li>1 bandeja de setas cardo</li>, <li>Sal y pimienta negra recién molida (al gusto)</li>, <li>Aceite de oliva virgen extra suave (un poco para pasar el relleno y el necesario para la fritura)</li>];['Recetas con pollo', 'Recetas de pan, masas y rebozados', 'Recetas de tapas y aperitivos']
https://www.recetasderechupete.com/receta-de-empanadillas-de-pollo-chef-garriga/887/;Empanadillas fritas de pollo;Alfonso López;Fácil;https://www.recetasderechupete.com/wp-content/uploads/2009/10/empanadillas_pollo_chef.jpg;;Calorías por 100g: 312kcal;40 min.;10 pers.;Precio: 0.4 €/persona;3.9;32;[<li>500 g de masa empanadillas u obleas</li>, <li>250 g de pechuga de pollo</li>, <li>2 cebollas</li>, <li>1 pimiento rojo</li>, <li>Pimienta negra recién molida y sal (al gusto)</li>, <li>1 guindilla (opcional)</li>, <li>2 dientes de ajo</li>, <li>Aceite de oliva virgen extra (para la fritura)</li>];['Recetas con pollo', 'Recetas de carnes y aves', 'Recetas de pan, masas y rebozados', 'Recetas de tapas y aperitivos']
https://www.recetasderechupete.com/pollo-con-almendras-al-estilo-chino/11220/;Pollo con almendras al estilo chino;Alfonso López;Fácil;https://www.recetasderechupete.com/wp-content/uploads/2014/07/pollo_con_almendras.jpg;;Calorías por 100g: 205kcal;60 min.;4 pers.;Precio: 1.2 €/persona;3.5;42;[<li>2 pechugas de pollo</li>, <li>1 zanahoria</li>, <li>1 cebolla</li>, <li>100 g. almendras crudas</li>, <li>1 cdta. jengibre fresco troceadito</li>, <li>100 ml. salsa de soja</li>, <li>1 cdta. azúcar</li>, <li>1 cdta. fécula de maíz (Maicena)</li>, <li>2 cdta. bicarbonato sódico</li>, <li>1 cdta. vinagre de arroz</li>, <li>1 cdta. aceite de sésamo</li>, <li>Aceite de girasol para freír</li>, <li>250 ml. agua</li>];['Recetas con pollo', 'Recetas de carnes y aves', 'Recetas de ensaladas y verduras']
https://www.recetasderechupete.com/pollo-frito-al-estilo-kfc/13032/;Pollo frito KFC súper crujiente;Alfonso López;Fácil;https://www.recetasderechupete.com/wp-content/uploads/2015/05/pollo_estilo_kfc.jpg;https://www.youtube.com/embed/gCzJEgJ2CEw?feature=oembed;Calorías por 100g: 316kcal;25 min.;4 pers.;Precio: 3.5 €/persona;3.6;95;"[<li>1 pollo entero troceado de 2 kg.</li>, <li>500 gr. harina</li>, <li>3 cda. pimentón dulce de la Vera ""Las Hermanas""</li>, <li>1 cda. cayena o pimentón picante de la Vera</li>, <li>1 cdita. ajo en polvo</li>, <li>2 cdita. curry</li>, <li>2 cdita. estragón</li>, <li>2 cdita. tomillo</li>, <li>2 cdita. eneldo</li>, <li>2 cdita. mejorana</li>, <li>2 cdita. sal y un poco de pimienta negra molida</li>, <li>700 ml. de agua</li>, <li>1/2 litro de aceite de oliva suave para freír</li>]";['Recetas con pollo', 'Recetas de carnes y aves', 'Recetas de muslos de pollo']
https://www.recetasderechupete.com/pollo-a-la-cazadora-pollo-alla-cacciatora-receta-italiana/9829/;Pollo a la cazadora (Pollo alla cacciatora);Alfonso López;Fácil;https://www.recetasderechupete.com/wp-content/uploads/2014/04/pollo_cazadora.jpg;;Recetas con pollo · Recetas de carnes y aves;90 min.;4 pers.;Precio: 1.95 €/persona;4;53;[<li>1 pollo troceado</li>, <li>50 g. de mantequilla</li>, <li>6 cucharadas de aceite de oliva virgen extra</li>, <li>1 cebolla picada</li>, <li>6 tomates pelados y picados</li>, <li>1 zanahoria y 1 rama de apio</li>, <li>75 ml de vino blanco</li>, <li>75 ml de agua o caldo de pollo</li>, <li>Perejil fresco picado</li>, <li>Sal y pimienta negra recién molida (al gusto)</li>];[]
https://www.recetasderechupete.com/arepas-rellenas-con-pollo/13129/;Arepas rellenas con pollo;Alfonso López;Fácil;https://www.recetasderechupete.com/wp-content/uploads/2015/05/arepas_con_pollo.jpg;;Calorías por 100g: 305kcal;30 min.;5 pers.;Precio: 1.2 €/persona;3.9;50;[<li>Para preparar unas 10 arepas: 400 gr. de harina de maíz precocida P.A.N. (blanca)</li>, <li>600 ml. de agua tibia (o templada)</li>, <li>1 cucharadita tipo postre de sal</li>, <li>Para el relleno: 400 gr. de carne de pollo (pechuga, solomillo)</li>, <li>2 dientes de ajo</li>, <li>1 cebolla mediana</li>, <li>1 aguacate maduro</li>, <li>1 plátano maduro</li>, <li>3 cucharadas soperas de mayonesa</li>, <li>2 cucharadas de cilantro fresco</li>, <li>Aceite de oliva virgen extra</li>, <li>Sal (al gusto)</li>];['Recetas con pollo', 'Recetas de carnes y aves', 'Recetas de tapas y aperitivos']
https://www.recetasderechupete.com/pollo-a-la-miel-con-tomillo-y-romero/7969/;Pollo a la miel con tomillo y romero;Alfonso López;Fácil;https://www.recetasderechupete.com/wp-content/uploads/2013/07/pollo_romero_miel.jpg;;Calorías por 100g: 285kcal;20 min.;2 pers.;Precio: 2.5 €/persona;3.5;15;[<li>Una bandeja de filetes de pechuga de pollo (unos 400 gr. aprox.)</li>, <li>2 ramitas de tomillo</li>, <li>2 ramitas de romero</li>, <li>250 gr. de patatas nuevas de guarnición</li>, <li>5 cucharadas de miel gallega</li>, <li>50 ml. de aceite de oliva virgen extra</li>, <li>Sal y pimienta negra recién molida (al gusto)</li>, <li>2 cucharadas de salsa de soja</li>, <li>Agua (la que necesite dependiendo de como queramos la salsa)</li>];['Recetas con pollo', 'Recetas de carnes y aves']
https://www.recetasderechupete.com/cordon-bleu-de-pollo/20015/;Cordon Bleu de pollo;Alfonso López;Fácil;https://www.recetasderechupete.com/wp-content/uploads/2017/09/Cordon-bleu-de-pollo-768x527.jpg;;Calorías por 100g: 302kcal;45 min.;4 pers.;Precio: 2 €/persona;4;50;[<li>2 pechugas de pollo</li>, <li>4 lonchas de jamón cocido</li>, <li>4 lonchas de queso suizo (Enmental, Gruyer o el queso que más os guste)</li>, <li>Para rebozar: Huevo y pan rallado</li>, <li>Sal y pimienta negra recién molida (al gusto)</li>];['Recetas con pollo', 'Recetas de carnes y aves', 'Recetas de filetes']
https://www.recetasderechupete.com/pollo-a-la-sidra-con-manzana/14631/;Pollo a la sidra con manzana;Alfonso López;Fácil;https://www.recetasderechupete.com/wp-content/uploads/2015/11/pollo_sidra_manzana.jpg;;Calorías por 100g: 290kcal;60 min.;4 pers.;Precio: 2 €/persona;3.5;41;[<li>4 muslos y contramuslos de pollo</li>, <li>1 cebolla</li>, <li>2 dientes de ajo</li>, <li>1 manzana</li>, <li>½ litro de sidra natural</li>, <li>Aceite de oliva virgen extra</li>, <li>1 hoja de laurel</li>, <li>Sal (al gusto)</li>];['Recetas con pollo', 'Recetas de carnes y aves', 'Recetas de legumbres y guisos']
https://www.recetasderechupete.com/fideos-chinos-fritos-con-pollo-y-verduras/10591/;Fideos chinos fritos con pollo y verduras;Alfonso López;Fácil;https://www.recetasderechupete.com/wp-content/uploads/2014/07/fideos_chinos_pollo.jpg;;Calorías por 100g: 290kcal;25 min.;4 pers.;Precio: 1.4 €/persona;3.5;137;[<li>200 g. de fideos chinos tipo noodles de trigo</li>, <li>1 pimiento verde</li>, <li>1/2 pimiento rojo</li>, <li>250 g. de pechuga de pollo</li>, <li>50 g. de Pak Choi, Paksoi o Bok Choy (podéis sustituirla por repollo o col)</li>, <li>3 dientes de ajo</li>, <li>50 g. de tirabeques (podéis sustituir por judía verde)</li>, <li>6 cucharadas de salsa de soja suave</li>, <li>30 g. de cebolla china</li>, <li>100 g. de setas (en este caso eran shiitake)</li>, <li>Sal y pimienta negra recién molida (al gusto)</li>, <li>100 ml. de aceite de girasol</li>];['Recetas con fideos', 'Recetas con pollo', 'Recetas de carnes y aves', 'Recetas de ensaladas y verduras', 'Recetas de pasta', 'Recetas de pasta con pollo']
https://www.recetasderechupete.com/pollo-al-limon/18726/;Pollo al limón con arroz blanco. Receta china fácil;Alfonso López;Fácil;https://www.recetasderechupete.com/wp-content/uploads/2017/03/Pollo-al-limón-768x527.jpg;;Calorías por 100g: 236kcal;50 min.;4 pers.;Precio: 2.6 €/persona;3.9;17;[<li>500 g de contramuslo de pollo deshuesado (o pechuga)</li>, <li>1 diente de ajo</li>, <li>1 trocito de jengibre</li>, <li>1 cucharada de salsa de soja</li>, <li>1 huevo</li>, <li>150 g de almidón de maíz</li>, <li>Aceite de girasol</li>, <li>Para la salsa: 50 ml de agua</li>, <li>1 cucharada de azúcar</li>, <li>1/2 cucharadita de sal</li>, <li>1 cucharada de miel</li>, <li>1 limón</li>, <li>1/2 cucharadita de almidón de maíz</li>];['Recetas con arroz blanco', 'Recetas con arroz bomba', 'Recetas con pollo', 'Recetas de arroz', 'Recetas de arroz con pollo', 'Recetas de carnes y aves']
https://www.recetasderechupete.com/como-cortar-y-trocear-un-pollo-entero/21172/;Cómo cortar y trocear un pollo entero;Alfonso López;Dificultad media;https://www.recetasderechupete.com/wp-content/uploads/2018/03/Pollo-trocear-768x527.jpg;;Calorías por 100g: 150kcal;15 min.;4 pers.;Precio: 0.8 €/persona;4.4;16;[<li>Un pollo entero</li>, <li>Tabla de cortar</li>, <li>Un buen cuchillo de cocina, bien afilado</li>];['Cómo hacer...', 'Cursos de cocina', 'Recetas con pollo']
https://www.recetasderechupete.com/como-hacer-un-puchero-andaluz/21025/;Cómo hacer un puchero andaluz;Alfonso López;Dificultad media;https://www.recetasderechupete.com/wp-content/uploads/2018/02/Puchero-andaluz-768x527.jpg;;Calorías por 100g: 340kcal;180 min.;4 pers.;Precio: 2.8 €/persona;3.8;222;[<li>400 g. de garbanzos</li>, <li>2 zanahorias</li>, <li>2 patatas</li>, <li>2 ramas de apio</li>, <li>2 nabos</li>, <li>1/2 pollo</li>, <li>1/4 de k. de carne de ternera</li>, <li>1 hueso de espinazo salado</li>, <li>1 trozo de costilla</li>, <li>1 trozo de tocino mediano o pequeño</li>, <li>1 trozo de jamón</li>, <li>1 hueso blanco</li>, <li>1 puerro</li>, <li>Sal (si fuese necesario)</li>, <li>Agua unos 4 l. aproximadamente</li>, <li>Para el caldo del puchero: Opcional (fideos o arroz), hierbabuena fresca, pan blanco y un chorrito de limón.</li>];['Cómo hacer...', 'Recetas con cerdo', 'Recetas con garbanzos', 'Recetas con pollo', 'Recetas con ternera', 'Recetas de carnes y aves', 'Recetas de cocidos y potajes', 'Recetas de guisos de carne', 'Recetas de legumbres y guisos']
https://www.recetasderechupete.com/tacos-mexicanos-tinga-pollo/16772/;Tacos mexicanos de tinga de pollo;Alfonso López;Fácil;https://www.recetasderechupete.com/wp-content/uploads/2016/07/tacos_tinga_pollo-768x527.jpg;;Calorías por 100g: 202kcal;45 min.;4 pers.;Precio: 4.5 €/persona;4.4;34;[<li>1 pollo</li>, <li>1 cabeza de ajo grande</li>, <li>2 cebollas</li>, <li>1 zanahoria</li>, <li>1 rama de apio</li>, <li>1 hoja de laurel</li>, <li>2 guindillas secas o chiles chipotle</li>, <li>500 gr de tomate pera</li>, <li>orégano fresco</li>, <li>1 vaso de vinagre</li>, <li>Aceite de oliva virgen extra</li>, <li>Sal y pimienta negra recién molida (al gusto)</li>, <li>Para las guarniciones: 20 tortitas de maíz, 500 gr de tomates pera, cilantro fresco picado, sal y pimienta negra</li>, <li>1 lechuga iceberg en juliana, 2 aguacates y 1 lima</li>];['Recetas con pollo', 'Recetas de carnes y aves']
https://www.recetasderechupete.com/consome-receta-tradicional/11466/;Consomé. Receta tradicional;Alfonso López;Dificultad media;https://www.recetasderechupete.com/wp-content/uploads/2014/09/consome.jpg;;Calorías por 100g: 55kcal;120 min.;8 pers.;Precio: 1 €/persona;3.8;147;[<li>2 puerros</li>, <li>2 zanahorias grandes</li>, <li>1 cebolla</li>, <li>1 zanco de pollo</li>, <li>250 g. morrillo de ternera</li>, <li>1 hueso de rodilla de ternera</li>, <li>1 manojo de perejil fresco</li>, <li>1 hoja de laurel</li>, <li>Aceite de oliva virgen extra</li>, <li>4 l. de agua</li>, <li>Sal (al gusto)</li>];['Recetas con pollo', 'Recetas de legumbres y guisos']
https://www.recetasderechupete.com/pollo-la-marengo/16804/;Pollo a la Marengo;Alfonso López;Fácil;https://www.recetasderechupete.com/wp-content/uploads/2017/08/Pollo-a-la-marengo-768x527.jpg;;Calorías por 100g: 288kcal;120 min.;4 pers.;Precio: 2.2 €/persona;4.7;28;[<li>6 zancos de pollo</li>, <li>2 cebolletas</li>, <li>150 ml. de cerveza Casimiro Mahou</li>, <li>2 cdas. de coñac</li>, <li>200 gr. champiñones</li>, <li>30 gr. mantequilla</li>, <li>Aceite de oliva virgen extra</li>, <li>3 tomates maduros</li>, <li>25 gr. harina de trigo (podéis sustituir por almidón de maíz)</li>, <li>250 ml. caldo de pollo o agua</li>, <li>Una pizca de perejil fresco</li>, <li>Sal y pimienta negra recién molida (al gusto)</li>];['Recetas con pollo', 'Recetas de carne para navidad', 'Recetas de carnes y aves']
https://www.recetasderechupete.com/pollo-a-la-cerveza-con-verduras/7899/;Pollo a la cerveza;Alfonso López;Fácil;https://www.recetasderechupete.com/wp-content/uploads/2013/06/pollo-cerveza-4-768x527.jpg;https://www.youtube.com/embed/AED9_-6WFVI?feature=oembed;Calorías por 100g: 306kcal;60 min.;4 pers.;Precio: 1.5 €/persona;3.9;81;[<li>1,2 kg. de pollo troceados para guisar</li>, <li>1 cebolla</li>, <li>1 cebolleta</li>, <li>1 pimiento rojo grande</li>, <li>2 pimientos verdes tipo italiano</li>, <li>4 dientes de ajo</li>, <li>4 zanahorias</li>, <li>2 hojas de laurel</li>, <li>1/2 l. de cerveza Cruzcampo Gran Reserva</li>, <li>Pimienta negra recién molida y sal (al gusto)</li>, <li>50 ml de aceite de oliva virgen extra</li>, <li>Plantas aromáticas (opcional): Perejil, albahaca, tomillo, romero...</li>];['Recetas con pollo', 'Recetas de carnes y aves', 'Recetas de muslos de pollo']
https://www.recetasderechupete.com/albondigas-caseras-pollo-pavo-en-salsa-de-tomate-receta-paso-a-paso/3924/;Albóndigas caseras en salsa de tomate;Alfonso López;Fácil;https://www.recetasderechupete.com/wp-content/uploads/2016/08/albondigas_salsa_tomate-768x527.jpg;https://www.youtube.com/embed/fx58fU8-BY8?feature=oembed;Calorías por 100g: 354kcal;45 min.;6 pers.;Precio: 3.5 €/persona;3.6;263;[<li>500 g de carne picada (mezcla, pollo-pavo, para que queden más jugosas).</li>, <li>3 rebanadas de pan de molde sin corteza (unos 80 g aproximadamente) y un plato con leche entera para remojar la miga del pan</li>, <li>2 huevos</li>, <li>Sal, nuez moscada y pimienta negra recién molida (al gusto)</li>, <li>1 diente de ajo (si os gusta con más sabor 2)</li>, <li>1 plato de harina de trigo para pasar las albóndigas</li>, <li>Aceite de oliva virgen extra (para freír las albóndigas y las patatas fritas)</li>, <li>8 patatas grandes</li>, <li>Para la salsa de tomate: 2 latas grandes de tomate natural pelado (780 g x 2), aove, 1 diente y medio de ajo, sal, pimienta negra y una cucharada de azúcar.</li>];['Recetas con pavo', 'Recetas con pollo', 'Recetas de albóndigas', 'Recetas de carne picada', 'Recetas de carnes y aves']
https://www.recetasderechupete.com/pollo-asado-manzana-setas/16666/;Pollo asado con manzana y setas;Alfonso López;Fácil;https://www.recetasderechupete.com/wp-content/uploads/2016/07/pollo_asado_manzana_setas-768x527.jpg;;Calorías por 100g: 215kcal;60 min.;4 pers.;Precio: 3 €/persona;4.6;7;[<li>4 muslos completos o un pollo troceado</li>, <li>300 gr de vuestras setas preferidas (en este caso son setas de cardo, de cultivo)</li>, <li>4 manzanas</li>, <li>3 cebollas grandes</li>, <li>Aceite de oliva virgen extra</li>, <li>1/2 vaso de vino blanco (120 ml. aprox.)</li>, <li>Sal y pimienta negra recién molida (al gusto)</li>];['Recetas con pollo', 'Recetas de carne al horno', 'Recetas de carnes y aves']
https://www.recetasderechupete.com/estofado-de-pollo-en-salsa/20128/;Estofado de pollo en salsa;Alfonso López;Fácil;https://www.recetasderechupete.com/wp-content/uploads/2013/06/pollo_a_la_cerveza.jpg;;Calorías por 100g: 296kcal;60 min.;4 pers.;Precio: 1.4 €/persona;3.9;63;[<li>1,2 kg. de pollo (vuestros trozos preferidos, en este caso medio kg. eran alitas y unos muslitos)</li>, <li>2 cebollas</li>, <li>1 pimiento rojo grande</li>, <li>2 pimientos verdes tipo italiano</li>, <li>2 dientes de ajo</li>, <li>2 zanahorias</li>, <li>1/2 l. de caldo de ave y medio vaso de vino blanco</li>, <li>Sal y pimienta negra recién molida (al gusto)</li>, <li>Unas hebras de azafrán</li>, <li>Perejil fresco y 2 hojas de laurel</li>, <li>50 ml de aceite de oliva virgen extra</li>];['Ingredientes y alimentos', 'Recetas con pollo', 'Recetas de guisos de carne']
https://www.recetasderechupete.com/receta-de-pollo-guisado-con-jengibre-pina-y-cilantro/2877/;Guiso de pollo con piña, jengibre y cilantro.;Alfonso López;Fácil;https://www.recetasderechupete.com/wp-content/uploads/2011/01/guiso_pollo_pinha.jpg;;Recetas con pollo · Recetas de carnes y aves · Recetas de guisos de carne;60 min.;6 pers.;Precio: 2.2 €/persona;4.4;14;[<li>1 pollo campero o de casa entero (troceado para guiso)</li>, <li>2 cebollas grandes</li>, <li>4 dientes de ajos</li>, <li>50 ml de aceite oliva virgen extra</li>, <li>2 puerros</li>, <li>1/2 jengibre fresco</li>, <li>1 bote de 480 g de piña en su jugo (10 rodajas)</li>, <li>Sal y pimienta negra molida (al gusto)</li>, <li>Tomillo y nuez moscada (para el pollo)</li>, <li>1/2 manojo de cilantro fresco (al gusto)</li>, <li>1 vaso de vino blanco tipo ribeiro y 2 de agua</li>, <li>El jugo del bote que trae la piña</li>, <li>2 cucharadas de vinagre de vino blanco</li>];[]
https://www.recetasderechupete.com/pollo-en-salsa/19858/;Pollo en salsa;Alfonso López;Fácil;https://www.recetasderechupete.com/wp-content/uploads/2014/01/pollo_pepitoria.jpg;https://www.youtube.com/embed/Rjra4Vjrq_I?feature=oembed;Calorías por 100g: 300kcal;60 min.;6 pers.;Precio: 1.8 €/persona;3.6;90;[<li>1 pollo troceado para guisar (2 kg.)</li>, <li>2 cebollas grandes</li>, <li>2 huevos</li>, <li>2 dientes de ajo</li>, <li>1 trozo pan</li>, <li>15 almendras</li>, <li>300 ml. de vino blanco gallego (a ser posible)</li>, <li>200 ml. de caldo de pollo o agua</li>, <li>100 ml de aceite de oliva virgen extra</li>, <li>Sal y pimienta negra recién molida (al gusto)</li>];['Recetas con pollo', 'Recetas de carnes y aves', 'Recetas de muslos de pollo']
https://www.recetasderechupete.com/pechugas-de-pollo-a-la-villaroy-receta-paso-a-paso/9543/;Pechugas de pollo a la Villaroy;Alfonso López;Dificultad media;https://www.recetasderechupete.com/wp-content/uploads/2014/03/pechugas_pollo_villaroy.jpg;;Calorías por 100g: 245kcal;85 min.;4 pers.;Precio: 1.55 €/persona;3.7;98;[<li>8 filetes de pechuga de pollo</li>, <li>Para la bechamel:</li>, <li>50 g. de mantequilla</li>, <li>75 g. de harina de trigo</li>, <li>400 ml. de leche</li>, <li>Sal y pimienta negra recién molida (al gusto)</li>, <li>Para el rebozado:</li>, <li>100 g. de harina de trigo</li>, <li>200 g. de pan rallado</li>, <li>2 huevos grandes</li>, <li>Aceite de oliva virgen extra (el necesario para freír los filetes de pollo)</li>, <li>Guarnición: una bolsa de ensalada mixta de canónigos y rúcula, 5 nueces, aceite de oliva virgen extra, vinagre de jerez y sal.</li>];['Recetas con pollo', 'Recetas de carnes y aves', 'Recetas de filetes', 'Recetas de pechuga de pollo']
https://www.recetasderechupete.com/pamplonas-pollo-receta-argentina/18641/;Pamplonas de pollo. Receta uruguaya;Alfonso López;Fácil;https://www.recetasderechupete.com/wp-content/uploads/2017/02/pamplonas-de-pollo-768x527.jpg;;Calorías por 100g: 315kcal;40 min.;4 pers.;Precio: 2.8 €/persona;3.9;41;[<li>200 gr. de panceta</li>, <li>200 gr. de queso mozzarella</li>, <li>4 lonchas de jamón cocido</li>, <li>Mantequilla</li>, <li>Pimientos morrones en conserva</li>, <li>Aceite de oliva virgen extra</li>, <li>4 pechugas de pollo </li>, <li>Sal y pimienta negra recién molida (al gusto)</li>];['Recetas con pollo', 'Recetas de carnes y aves']
https://www.recetasderechupete.com/pollo-en-salsa-de-nata/13175/;Pollo en salsa de nata;Alfonso López;Fácil;https://www.recetasderechupete.com/wp-content/uploads/2015/05/pollo_con_nata.jpg;;Recetas con pollo · Recetas de carnes y aves;20 min.;4 pers.;Precio: 0.6 €/persona;3.4;62;[<li>2 pechugas de pollo</li>, <li>250 gr. de champiñones</li>, <li>1 cebolla grande</li>, <li>200 ml. de nata líquida para cocinar </li>, <li>Aceite de oliva virgen extra</li>, <li>Sal (al gusto)</li>, <li>Perejil (para decorar el plato)</li>];[]
https://www.recetasderechupete.com/capon-relleno-de-castanas-pinones-y-setas-receta-navidena/4722/;Gallo de Mos relleno;Alfonso López;Difícil;https://www.recetasderechupete.com/wp-content/uploads/2011/12/capon_gallo_relleno.jpg;;Calorías por 100g: 290kcal;300 min.;8 pers.;Precio: 12 €/persona;4.6;5;[<li>4 k de un gallo de Mos, la receta también serviría para un Capón de Villalba</li>, <li>Para el relleono: 2 puerros, 100 g de jamón picado, 50 g de piñones, una guarnición de castañas con ciruelas y setas Cuevas Chef, una latita pequeña de foie y un pimiento rojo.</li>, <li>Para la salsa: 150 ml de ron añejo (100 ml para inyectar el gallo), 2 hojas de laurel, 1 cucharada de mostaza Dijon, 4 cucharas de miel, 1 vaso de agua, 1/2 litro de caldo del mismo gallo.</li>, <li>Guarnición de patatas: 3 k de patatas de guarnición, 4 dientes de ajo, 2 pimientos rojos, 1 cucharada de mostaza y aceite de oliva virgen extra (3 cucharadas)</li>, <li>Guarnición general: 400 g de guisantes finos, 150 g de champiñones, 8 esparragos trigueros, 100 ml de aceite de oliva virgen extra y dos cebollas o puerro.</li>, <li>Sal (casi 3 cucharadas) y pimienta negra recien molida (esta última al gusto)</li>, <li>1 limón</li>];['Recetas con pollo', 'Recetas de carne para navidad', 'Recetas de carnes y aves', 'Recetas para ocasiones especiales']
https://www.recetasderechupete.com/lasana-de-pollo/18091/;Lasaña de pollo;Alfonso López;Dificultad media;https://www.recetasderechupete.com/wp-content/uploads/2016/12/lasaña_pollo-768x527.jpg;;Calorías por 100g: 288kcal;90 min.;6 pers.;Precio: 2.1 €/persona;3.5;45;[<li>Para el relleno: 20 placas de lasaña o lasagna Garofalo</li>, <li>500 g de carne picada de pollo</li>, <li>1 cebolla</li>, <li>1 zanahoria</li>, <li>1/2 pimiento rojo</li>, <li>1/2 pimiento verde</li>, <li>1 lata de tomate troceado de 390 g</li>, <li>1 cucharadita de hierbas provenzales</li>, <li>50 ml de aceite de oliva virgen extra</li>, <li>Sal y pimienta blanca molida (al gusto)</li>, <li>1 l de salsa bechamel clarita</li>, <li>100 g de queso rallado tipo Gouda</li>];['Recetas con pollo', 'Recetas de carne picada', 'Recetas de carnes y aves', 'Recetas de lasaña', 'Recetas de pasta', 'Recetas de pasta con pollo']
https://www.recetasderechupete.com/pollo-con-verduras-al-curry-y-la-mostaza-dijon/6647/;Pollo al curry y a la mostaza;Alfonso López;Fácil;https://www.recetasderechupete.com/wp-content/uploads/2012/11/timbal_pollo_verduras.jpg;;Calorías por 100g: 213kcal;15 min.;4 pers.;Precio: 1.8 €/persona;4;7;[<li>2 cebollas (acompañadas de una cucharada de curry en polvo y una pizca de nuez moscada)</li>, <li>2 tomates</li>, <li>300 g de magro o solomillos de pollo</li>, <li>Para macerar el pollo: 2 cucharadas de salsa inglesa, 3 cucharadas de salsa de soja, 1 cucharilla de pimentón dulce de la Vera, sal, pimienta negra recién molida y una pizca de comino molido.</li>, <li>Para la salsa: 1 yogur cremoso y 1 cucharada de mostaza Dijon.</li>, <li>10 ml de aceite de oliva virgen extra</li>, <li>Sal y pimienta negra recién molida (al gusto)</li>];['Recetas con pollo', 'Recetas de carnes y aves']
https://www.recetasderechupete.com/calabacines-rellenos-de-pisto-de-mencia-y-solomillos-de-pollo/6504/;Calabacines rellenos de pisto de mencía y solomillos de pollo.;Alfonso López;Dificultad media;https://www.recetasderechupete.com/wp-content/uploads/2012/10/calabacines_rellenos_pollo.jpg;;Calorías por 100g: 345kcal;45 min.;4 pers.;Precio: 1.8 €/persona;4.3;17;[<li>3 calabacines grandes</li>, <li>1 puerro grande</li>, <li>2 cebollas</li>, <li>1 pimento rojo y otro verde</li>, <li>2 dientes de ajo</li>, <li>300 g de magro o solomillos de pollo</li>, <li>1/2 litro de vino tinto mencía</li>, <li>1 cucharilla de comino molido, 3 hojas de albahaca fresca y una cucharada de orégano molido.</li>, <li>Para macerar el pollo: 2 cucharadas de miel, 3 cucharadas de salsa de soja, 1 cucharilla de pimentón de la Vera, sal, pimienta negra recién molida y una pizca de comino molido.</li>, <li>150 ml de aceite de oliva virgen extra</li>, <li>Sal y pimienta negra recién molida (al gusto)</li>];['Recetas con pollo', 'Recetas de carnes y aves', 'Recetas de ensaladas y verduras', 'Recetas de solomillo', 'Recetas de tapas y aperitivos']
https://www.recetasderechupete.com/alitas-de-pollo-a-la-cerveza/10493/;Alitas de pollo a la cerveza acompañadas de arroz blanco;Alfonso López;Superfácil;https://www.recetasderechupete.com/wp-content/uploads/2014/07/alitas_pollo_cerveza.jpg;;Calorías por 100g: 255kcal;45 min.;4 pers.;Precio: 1.8 €/persona;3.7;17;[<li>1 kg. de alitas de pollo (limpias y desplumadas)</li>, <li>3 dientes de ajo</li>, <li>50 ml de aceite de oliva virgen extra</li>, <li>1 cerveza de vuestra marca preferida (podéis emplear la que más os guste), unos 250 ml. aprox.</li>, <li>1 cucharadita (tipo postre) de orégano seco y molido</li>, <li>1 cucharadita tipo postre de pimentón de la Vera (dulce)</li>, <li>Sal y pimienta negra recién molida (al gusto)</li>];['Recetas con arroz blanco', 'Recetas con arroz bomba', 'Recetas con pollo', 'Recetas de arroz', 'Recetas de arroz con pollo', 'Recetas de carnes y aves', 'Recetas de muslos de pollo']
https://www.recetasderechupete.com/muslos-de-pollo-a-la-cerveza/13542/;Muslos de pollo a la cerveza;Alfonso López;Fácil;https://www.recetasderechupete.com/wp-content/uploads/2015/07/muslos_pollo_cerveza.jpg;;Recetas con pollo · Recetas de carnes y aves · Recetas de muslos de pollo;120 min.;4 pers.;Precio: 2 €/persona;3.5;38;[<li>8 muslos de pollo</li>, <li>3 cebollas</li>, <li>2 hojas de laurel</li>, <li>3 ramitas de tomillo</li>, <li>1 cda. de mostaza de Dijon</li>, <li>500 ml. cerveza</li>, <li>250 ml. caldo de pollo o agua</li>, <li>Aceite de oliva virgen extra</li>, <li>Pimienta negra recién molida y sal (al gusto)</li>];[]
https://www.recetasderechupete.com/fajitas-mexicanas-de-pollo-con-verduras-chicken-fajitas/10046/;Fajitas mexicanas de pollo con verduras. Chicken fajitas;Alfonso López;Fácil;https://www.recetasderechupete.com/wp-content/uploads/2014/05/fajitas_pollo.jpg;;Recetas con pollo · Recetas de carnes y aves · Recetas de tapas y aperitivos;25 min.;4 pers.;Precio: 0.9 €/persona;3.6;99;[<li>8 tortitas o tortillas de trigo mexicanas</li>, <li>500 g. de pechugas de pollo de corral</li>, <li>1 pimiento verde</li>, <li>1 pimiento rojo</li>, <li>1 pimiento amarillo</li>, <li>1 cebolla grande</li>, <li>Para adobar el pollo: 1 diente de ajo bien picado, sal, pimienta negra recién molida, una cucharadita (tipo postre) de comino molido, una cucharada (tipo postre) de pimentón dulce y si os gusta el picante (opcional), un ají o una guindilla picante</li>, <li>Para aromatizar: 2 limas y un manojo de cilantro fresco</li>, <li>100 ml. de aceite de oliva virgen extra</li>];[]
https://www.recetasderechupete.com/burritos-de-carne-con-salsa-san-fernando-receta-mexicana/9724/;Burritos de carne con salsa San Fernando. Receta mexicana;Alfonso López;Fácil;https://www.recetasderechupete.com/wp-content/uploads/2014/03/burritos_pollo.jpg;;Recetas con pollo · Recetas de carnes y aves · Recetas de tapas y aperitivos;35 min.;4 pers.;Precio: 1.6 €/persona;4.2;9;[<li>8 tortitas de harina de trigo</li>, <li>500 g. de filetes de pechuga de pollo</li>, <li>100 g. de cacahuetes tostados</li>, <li>1 tomate mediado (250 g.)</li>, <li>1 cebolla pequeña (150 g.)</li>, <li>1 diente de ajo</li>, <li>½ guindilla seca (al gusto)</li>, <li>2 granos de pimienta negra</li>, <li>1 clavo</li>, <li>1 cucharada de café de comino molido</li>, <li>100 ml. de caldo de ave</li>, <li>Aceite de oliva virgen extra</li>, <li>Sal fina (al gusto)</li>];[]
https://www.recetasderechupete.com/receta-de-pollo-a-la-catalana/16034/;Pollo a la catalana;Alfonso López;Fácil;https://www.recetasderechupete.com/wp-content/uploads/2016/03/pollo_catalana-768x527.jpg;;Recetas con pollo · Recetas de carnes y aves · Recetas de legumbres y guisos;45 min.;4 pers.;Precio: 3.9 €/persona;3.4;41;[<li>1 pollo (preferentemente de corral)</li>, <li>24 ciruelas pasas (mejor sin hueso)</li>, <li>100 gr de piñones</li>, <li>un par de dientes de ajo morado</li>, <li>1 cebolla blanca (de tamaño mediano)</li>, <li>1 rama de canela (o media si es grande)</li>, <li>Pedro Ximénez, brandy o cognac</li>, <li>1 litro de caldo de pollo</li>, <li>Sal y pimienta negra recién molida (al gusto)</li>, <li>Aceite de oliva virgen extra</li>];[]
https://www.recetasderechupete.com/guiso-de-pollo-campero-con-pina-y-azafran/2194/;Guiso agridulce de pollo con piña;Alfonso López;Dificultad media;https://www.recetasderechupete.com/wp-content/uploads/2010/08/pollo_campero_pinha.jpg;;Recetas con pollo · Recetas de carnes y aves · Recetas de guisos de carne · Recetas de patatas, huevos, salsas y guarniciones;50 min.;6 pers.;Precio: 2.5 €/persona;3.3;9;[<li>1 pollo campero o de casa entero (troceado para guiso)</li>, <li>3 cebollas grandes</li>, <li>4 dientes de ajos</li>, <li>6 patatas medianas</li>, <li>1 vaso de vino blanco y 1/2 de vinagre de manzana</li>, <li>4 vasos de agua</li>, <li>1 vaso de jugo de piña</li>, <li>2 hojas de laurel</li>, <li>15 g de hebras de azafrán tostado</li>, <li>3 cucharadas de harina</li>, <li>Sal y pimienta negra recién molida (al gusto)</li>, <li>1 bote piña en su jugo (10 rodajas) -480 g (también puede utilizar piña fresca)</li>, <li>Tomillo, nuez moscada y perejil fresco (para el pollo)</li>, <li>50 ml. de aceite oliva virgen extra</li>];[]
https://www.recetasderechupete.com/canelones-de-san-esteban-receta-navidad/15358/;Canelones de San Esteban. Receta Navidad;Alfonso López;Dificultad media;https://www.recetasderechupete.com/wp-content/uploads/2015/12/canelones_san_esteban_navidad-768x527.jpg;;Calorías por 100g: 320kcal;90 min.;10 pers.;Precio: 2.2 €/persona;3.5;119;[<li>175 g. de carne picada de cerdo</li>, <li>175 g. de carne picada de ternera</li>, <li>175 g. de pechuga de pollo</li>, <li>1 cebolla</li>, <li>2 dientes de ajo</li>, <li>100 ml. coñac</li>, <li>125 g. de salsa de tomate</li>, <li>150 ml. de caldo de pollo</li>, <li>50 g. de paté de hígado de cerdo</li>, <li>Sal (al gusto de cada casa)</li>, <li>Aceite de oliva virgen extra</li>, <li>Para la bechamel: 50 g. de harina </li>, <li>1 cdita de nuez moscada</li>, <li>4 cda. de mantequilla</li>, <li>1 litro de leche entera</li>, <li>36 canelones o Cannelloni Garofalo</li>, <li>Queso rallado para gratinar</li>];['Recetas con cerdo', 'Recetas con pollo', 'Recetas con ternera', 'Recetas de canelones', 'Recetas de carne para navidad', 'Recetas de carnes y aves', 'Recetas de pasta', 'Recetas para ocasiones especiales']
https://www.recetasderechupete.com/saltimbocca-de-pollo-receta-italiana/13124/;Saltimbocca de pollo. Receta italiana;Alfonso López;Fácil;https://www.recetasderechupete.com/wp-content/uploads/2015/05/santimboca_pollo.jpg;;Recetas con pollo · Recetas de carnes y aves;20 min.;4 pers.;Precio: 1.5 €/persona;3.6;9;[<li>2 pechugas de pollo (8 filetes de 80gr./ud.)</li>, <li>Hojas de salvia fresca</li>, <li>8 lonchas de jamón serrano</li>, <li>40 gr. mantequilla</li>, <li>Vino Marsala (u otro vino dulce)</li>, <li>Palillos de madera</li>];[]
https://www.recetasderechupete.com/lasana-de-pollo-y-espinacas/12259/;Lasaña de espinacas y pollo;Alfonso López;Dificultad media;https://www.recetasderechupete.com/wp-content/uploads/2015/01/lasanha_pollo_espinacas.jpg;;Calorías por 100g: 345kcal;90 min.;8 pers.;Precio: 1 €/persona;4.1;36;[<li>20 láminas de lasaña o lasagna Garofalo</li>, <li>500 gr. pollo asado (o pechuga de pollo)</li>, <li>300 gr. espinacas congeladas</li>, <li>1 cebolla grande</li>, <li>2 dientes de ajo</li>, <li>½ vaso de vino blanco</li>, <li>300 gr. queso Arzua-Ulloa (u otro queso mantecoso)</li>, <li>800 ml. de leche</li>, <li>3 cucharadas colmadas de harina</li>, <li>Sal</li>, <li>50 gr. mantequilla</li>, <li>Aceite de oliva virgen extra</li>, <li>Nuez moscada</li>, <li>Queso rallado al gusto o mozarella</li>];['Recetas con pollo', 'Recetas de carnes y aves', 'Recetas de ensaladas y verduras', 'Recetas de lasaña', 'Recetas de pasta', 'Recetas de pasta con pollo']
https://www.recetasderechupete.com/pollo-a-la-mostaza/9353/;Pollo a la mostaza;Alfonso López;Superfácil;https://www.recetasderechupete.com/wp-content/uploads/2014/02/pollo_a_la_mostaza.jpg;;Recetas con pollo · Recetas de carnes y aves;40 min.;4 pers.;Precio: 1.7 €/persona;3.1;7;[<li>2 pechugas de pollo grandes (600 g. aproximadamente)</li>, <li>2 cucharadas colmadas de mostaza antigua</li>, <li>1 cucharada de miel gallega</li>, <li>1 cebolla grande o 2 pequeñas</li>, <li>300 ml. de caldo de pollo</li>, <li>1 ramita pequeña de romero fresco (si no tenéis podéis añadir a la receta, romero seco, una cucharadita)</li>];[]
https://www.recetasderechupete.com/sarmale-o-rollitos-de-carne-con-hojas-de-repollo-receta-tipica-rumana/9205/;Sarmale o Rollitos de carne con hojas de repollo. Receta típica rumana;Alfonso López;Dificultad media;https://www.recetasderechupete.com/wp-content/uploads/2014/01/sarmale_rollitos_repollo.jpg;;Calorías por 100g: 305kcal;180 min.;8 pers.;Precio: 1.3 €/persona;3.7;74;[<li>1 kg. y medio de hojas de col o repollo</li>, <li>1 kg. de carne picada de cerdo mezclada con carne de ternera. Mitad de cada.</li>, <li>2 cebollas grandes y 2 pimientos rojos</li>, <li>100 g. de arroz redondo SOS</li>, <li>300 g. de bacon o panceta ahumada</li>, <li>5 cucharas de salsa de tomate frito</li>, <li>150 ml. de aceite de oliva virgen extra</li>, <li>2 hojas de laurel, una cucharadita tipo postre de eneldo seco, pimienta negra recién molida (media cucharadita tipo postre) y sal (esta última al gusto).</li>, <li>1 rebanada de pan</li>, <li>El zumo de un limón</li>, <li>1 cucharita de cimbru (especie típica rumana), sino lo encontráis lo podéis sustituir por tomillo picado.</li>];['Recetas con arroz blanco', 'Recetas con arroz bomba', 'Recetas con cerdo', 'Recetas con pollo', 'Recetas con ternera', 'Recetas de arroz', 'Recetas de carne para navidad', 'Recetas de carne picada', 'Recetas de carnes y aves', 'Recetas de ensaladas y verduras', 'Recetas para ocasiones especiales']
https://www.recetasderechupete.com/alitas-de-pollo-crujientes-al-horno/8731/;Alitas de pollo crujientes al horno;Alfonso López;Superfácil;https://www.recetasderechupete.com/wp-content/uploads/2013/12/alitas_pollo_crujientes.jpg;;Recetas con pollo · Recetas de carne al horno · Recetas de carnes y aves · Recetas de tapas y aperitivos;30 min.;4 pers.;Precio: 1.8 €/persona;3.6;33;[<li>12 alitas de pollo</li>, <li>2 huevos</li>, <li>150 ml de leche entera (10 cucharadas)</li>, <li>2 cucharaditas de pimentón dulce o picante</li>, <li>Pimienta negra recién molida y sal (al gusto)</li>, <li>100 g. de mantequilla</li>, <li>150 g. de harina de trigo</li>, <li>400 g. de pan rallado (tipo crujiente)</li>];[]
https://www.recetasderechupete.com/empanada-gallega-de-pollo-y-mousse-de-foie-receta-paso-a-paso/4965/;Empanada de pollo;Alfonso López;Difícil;https://www.recetasderechupete.com/wp-content/uploads/2012/02/empanada_pollo_champinhones.jpg;;Recetas con pollo · Recetas de carnes y aves · Recetas de pan, masas y rebozados;90 min.;8 pers.;Precio: 1.8 €/persona;3;1;[<li>3 cebollas, Aceite de oliva extra (6 cucharadas)</li>, <li>2 pechugas de pollo hermosas, 100 g de uvas pasas sin pepitas, 4 cucharas de salsa de soja, 2 cucharadas grandes de miel, una pizca de canela molida.</li>, <li>50 g de mousse de foie y 150 g de champiñones o setas de temporada.</li>, <li>Sal y pimienta negra recién molida (al gusto)</li>, <li>Masa de empanada gallega: 200 ml de agua tibia, 600 g de harina de trigo de fuerza para panadería, 2 pellizcos de Sal, 8 cucharadas del aceite de oliva virgen extra y 40 g de levadura prensada de panadería o 15 g de levadura en polvo de panadería.</li>];[]
https://www.recetasderechupete.com/receta-de-pollo-relleno-de-mousse-de-foie-con-setas/1099/;Pollo relleno de foie con setas;Alfonso López;Dificultad media;https://www.recetasderechupete.com/wp-content/uploads/2009/12/pollo_mousse_foie.jpg;;Calorías por 100g: 305kcal;120 min.;8 pers.;Precio: 3.55 €/persona;4.1;9;[<li>6 filetes grandes de pechuga de pollo</li>, <li>300 g de setas</li>, <li>1 bote pequeño de foie o paté de setas</li>, <li>350 ml de vino de Oporto</li>, <li>100 ml de vinagre de Módena</li>, <li>2 rebanadas de pan tostado</li>, <li>4 cebollas medianas</li>, <li>Sal y pimienta negra recién molida (al gusto)</li>, <li>6 dientes de ajo</li>, <li>Romero, tomillo y 50 g de piñones</li>, <li>200 ml de aceite de oliva virgen extra</li>, <li>1 cucharada de pimentón dulce</li>, <li>3 cucharadas de miel</li>, <li>2 lonchas de jamón serrano</li>];['Recetas con pollo', 'Recetas de carne para navidad', 'Recetas de carnes y aves', 'Recetas para ocasiones especiales']
https://www.recetasderechupete.com/receta-de-crepes-rellenos-de-pollo-con-mousse-de-foie-chef-serrano/1112/;Crepes rellenos de pollo;Alfonso López;Dificultad media;https://www.recetasderechupete.com/wp-content/uploads/2009/12/crepes_rellenos.jpg;;Recetas con pollo · Recetas de carnes y aves · Recetas de pan, masas y rebozados;60 min.;6 pers.;Precio: 1.6 €/persona;3.4;16;[<li>2 pechugas de pollo fileteada (Relleno)</li>, <li>100 ml de Caldo de pollo o leche (Relleno)</li>, <li>1 mousse de foie de pato o Foie (Relleno)</li>, <li>Sal y pimienta (al gusto)</li>, <li>1 huevo (Crêpes)</li>, <li>1 vaso de leche entera (Crêpes)</li>, <li>1 pizca de sal (Crêpes)</li>, <li>10 g de mantequilla (Crêpes)</li>, <li>1/2 l de Bechamel</li>, <li>150 g de harina (Crêpes)</li>, <li>Queso rallado para gratinar</li>];[]
https://www.recetasderechupete.com/ensalada-vicen-pollo-alcachofas-y-queso-de-cabra/2066/;Ensalada de pollo, alcachofas y queso de cabra;Alfonso López;Fácil;https://www.recetasderechupete.com/wp-content/uploads/2010/07/ensalada_vicen.jpg;;Recetas con pollo · Recetas de ensaladas y verduras;15 min.;4 pers.;Precio: 1.9 €/persona;0;0;[<li>1 bolsa (300 g) con variado de lechugas (escarola rizada, radiccho, mizuna, brotes de lechuga roja y rúcula salvaje)</li>, <li>250 g de alcachofas (Peso escurrido del bote 180 g)</li>, <li>Una loncha gruesa de fiambre de pollo (180 g)</li>, <li>60 g de piñones tostados</li>, <li>30 g de uvas pasas</li>, <li>100 ml de aceite de oliva virgen extra</li>, <li>50 ml de vinagre de Jérez</li>, <li>2 cucharadas de azúcar</li>, <li>150 g de queso de cabra</li>, <li>Sal (al gusto)</li>];[]
https://www.recetasderechupete.com/ensalada-templada-de-pollo-y-bacon/1841/;Ensalada templada de pollo y bacon;Alfonso López;Fácil;https://www.recetasderechupete.com/wp-content/uploads/2010/07/ensalada_templada_pollo_bacon.jpg;;Recetas con pollo · Recetas de carnes y aves · Recetas de ensaladas y verduras;15 min.;4 pers.;Precio: 1.4 €/persona;3.9;8;[<li>300 g. de Bolsa con variado de lechugas (lechuga iceberg, rúcala, canónigos, lollo rosso...)</li>, <li>2 solomillos de pollo (300 g.)</li>, <li>8 rulos de queso de cabra</li>, <li>1 tomate</li>, <li>2 lonchas de bacon</li>, <li>50 ml. de aceite de oliva virgen extra</li>, <li>25 ml. de vinagre de Módena</li>, <li>Sal y pimienta (al gusto)</li>];[]
https://www.recetasderechupete.com/receta-de-fideos-japoneses-udon-noodle-con-pollo-al-curry/509/;Fideos japoneses (Udon Noodle) con pollo al curry;Alfonso López;Fácil;https://www.recetasderechupete.com/wp-content/uploads/2010/05/udon_curry.jpg;;Recetas con fideos · Recetas con pollo · Recetas de carnes y aves · Recetas de pasta · Recetas de pasta con pollo;25 min.;4 pers.;Precio: 1.2 €/persona;3.5;25;[<li>2 cebollas</li>, <li>1/2 pimiento morrón</li>, <li>100 g de brotes de soja</li>, <li>150 g de carne de pechuga de pollo</li>, <li>Sal y pimienta negra recién molida (al gusto)</li>, <li>2 cucharadas de curry</li>, <li>1 paquete de Japanese Noodel (Udon) 800 g</li>, <li>1 diente de ajo</li>, <li>Un poco de jengibre</li>, <li>Setas variadas</li>, <li>Aceite de sésamo (2 cucharadas)</li>, <li>1 cucharada de salsa de soja</li>, <li>1 pimiento verde</li>];[]
